{"category": "CRIME", "headline": "There Were 2 Mass Shootings In Texas Last Week, But Only 1 On TV", "authors": "Melissa Jeltsen", "link": "https://www.huffingtonpost.com/entry/texas-amanda-painter-mass-shooting_us_5b081ab4e4b0802d69caad89", "short_description": "She left her husband. He killed their children. Just another day in America.", "date": "2018-05-26"}
{"category": "ENTERTAINMENT", "headline": "Will Smith Joins Diplo And Nicky Jam For The 2018 World Cup's Official Song", "authors": "Andy McDonald", "link": "https://www.huffingtonpost.com/entry/will-smith-joins-diplo-and-nicky-jam-for-the-official-2018-world-cup-song_us_5b09726fe4b0fdb2aa541201", "short_description": "Of course it has a song.", "date": "2018-05-26"}
{"category": "ENTERTAINMENT", "headline": "Hugh Grant Marries For The First Time At Age 57", "authors": "Ron Dicker", "link": "https://www.huffingtonpost.com/entry/hugh-grant-marries_us_5b09212ce4b0568a880b9a8c", "short_description": "The actor and his longtime girlfriend Anna Eberstein tied the knot in a civil ceremony.", "date": "2018-05-26"}
{"category": "ENTERTAINMENT", "headline": "Jim Carrey Blasts 'Castrato' Adam Schiff And Democrats In New Artwork", "authors": "Ron Dicker", "link": "https://www.huffingtonpost.com/entry/jim-carrey-adam-schiff-democrats_us_5b0950e8e4b0fdb2aa53e675", "short_description": "The actor gives Dems an ass-kicking for not fighting hard enough against Donald Trump.", "date": "2018-05-26"}
{"category": "ENTERTAINMENT", "headline": "Julianna Margulies Uses Donald Trump Poop Bags To Pick Up After Her Dog", "authors": "Ron Dicker", "link": "https://www.huffingtonpost.com/entry/julianna-margulies-trump-poop-bag_us_5b093ec2e4b0fdb2aa53df70", "short_description": "The \"Dietland\" actress said using the bags is a \"really cathartic, therapeutic moment.\"", "date": "2018-05-26"}
{"category": "ENTERTAINMENT", "headline": "Morgan Freeman 'Devastated' That Sexual Harassment Claims Could Undermine Legacy", "authors": "Ron Dicker", "link": "https://www.huffingtonpost.com/entry/morgan-freeman-devastated-sexual-misconduct_us_5b096319e4b0802d69cba298", "short_description": "\"It is not right to equate horrific incidents of sexual assault with misplaced compliments or humor,\" he said in a statement.", "date": "2018-05-26"}
{"category": "ENTERTAINMENT", "headline": "Donald Trump Is Lovin' New McDonald's Jingle In 'Tonight Show' Bit", "authors": "Ron Dicker", "link": "https://www.huffingtonpost.com/entry/donald-trump-mcondalds-tonight-show_us_5b093561e4b0fdb2aa53daba", "short_description": "It's catchy, all right.", "date": "2018-05-26"}
{"category": "ENTERTAINMENT", "headline": "What To Watch On Amazon Prime That\u2019s New This Week", "authors": "Todd Van Luling", "link": "https://www.huffingtonpost.com/entry/amazon-prime-what-to-watch_us_5b044625e4b0c0b8b23ec14f", "short_description": "There's a great mini-series joining this week.", "date": "2018-05-26"}
{"category": "ENTERTAINMENT", "headline": "Mike Myers Reveals He'd 'Like To' Do A Fourth Austin Powers Film", "authors": "Andy McDonald", "link": "https://www.huffingtonpost.com/entry/mike-myers-reveals-he-wants-to-do-a-fourth-austin-powers-film_us_5b096198e4b0802d69cb9f15", "short_description": "Myer's kids may be pushing for a new \"Powers\" film more than anyone.", "date": "2018-05-26"}
{"category": "ENTERTAINMENT", "headline": "What To Watch On Hulu That\u2019s New This Week", "authors": "Todd Van Luling", "link": "https://www.huffingtonpost.com/entry/hulu-what-to-watch_us_5b0445bae4b0c0b8b23ec046", "short_description": "You're getting a recent Academy Award-winning movie.", "date": "2018-05-26"}