{
  "$id": "https://example.com/person.schema.json",
  "$schema": "http://json-schema.org/draft-07/schema#",
  "title": "Person",
  "type": "object",
  "properties": {
    "firstName": {
      "type": "string",
      "enum": ["John", "Bruno", "Tim"],
      "description": "The person's first name."
    },
    "lastName": {
      "type": "string",
      "enum": ["Doe", "Flaven", "Robert"],
      "description": "The person's last name."
    },
    "age": {
      "description": "Age in years which must be equal to or greater than zero.",
      "type": "integer",
      "minimum": 0
    }
  }
}