{
	"items": {
		"item": [{
			"id": "1",
			"title": "#1 Question title",
			"content": "<b>Answer 1</b><ol><li><a href=\"https://flaven.fr\" target=\"_blank\">flaven.fr</a></li><li>Lorem ipsum dolor sit amet, consectetur adipiscing elit, sed do eiusmod tempor incididunt ut labore et dolore magna aliqua. Mauris vitae ultricies leo integer. Bibendum neque egestas congue quisque. Ut etiam sit amet nisl purus. Pharetra vel turpis nunc eget lorem. Volutpat diam ut venenatis tellus in. Egestas egestas fringilla phasellus faucibus scelerisque eleifend donec pretium. Lobortis feugiat vivamus at augue eget arcu dictum varius duis. Bibendum ut tristique et egestas quis. Elementum integer enim neque volutpat. Mauris vitae ultricies leo integer. In nulla posuere sollicitudin aliquam ultrices sagittis orci a.</li></ol>",
			"keywords": ["KW1", "KW2", "KW3", "KW4"],
			"isVisible": true
		}, {
			"id": "2",
			"title": "#2 Question title",
			"content": "<b>Answer 2</b><ol><li><a href=\"https://flaven.fr\" target=\"_blank\">flaven.fr</a></li><li>Lorem ipsum dolor sit amet, consectetur adipiscing elit, sed do eiusmod tempor incididunt ut labore et dolore magna aliqua. Mauris vitae ultricies leo integer. Bibendum neque egestas congue quisque. Ut etiam sit amet nisl purus. Pharetra vel turpis nunc eget lorem. Volutpat diam ut venenatis tellus in. Egestas egestas fringilla phasellus faucibus scelerisque eleifend donec pretium. Lobortis feugiat vivamus at augue eget arcu dictum varius duis. Bibendum ut tristique et egestas quis. Elementum integer enim neque volutpat. Mauris vitae ultricies leo integer. In nulla posuere sollicitudin aliquam ultrices sagittis orci a.</li></ol>",
			"keywords": ["KW1", "KW2", "KW3", "KW4"],
			"isVisible": true
		}, {
			"id": "3",
			"title": "#3 Question title",
			"content": "<b>Answer 3</b><ol><li><a href=\"https://flaven.fr\" target=\"_blank\">flaven.fr</a></li><li>Lorem ipsum dolor sit amet, consectetur adipiscing elit, sed do eiusmod tempor incididunt ut labore et dolore magna aliqua. Mauris vitae ultricies leo integer. Bibendum neque egestas congue quisque. Ut etiam sit amet nisl purus. Pharetra vel turpis nunc eget lorem. Volutpat diam ut venenatis tellus in. Egestas egestas fringilla phasellus faucibus scelerisque eleifend donec pretium. Lobortis feugiat vivamus at augue eget arcu dictum varius duis. Bibendum ut tristique et egestas quis. Elementum integer enim neque volutpat. Mauris vitae ultricies leo integer. In nulla posuere sollicitudin aliquam ultrices sagittis orci a.</li></ol>",
			"keywords": ["KW1", "KW2", "KW3", "KW4"],
			"isVisible": true
		}, {
			"id": "4",
			"title": "#4 Question title",
			"content": "<b>Answer 4</b><ol><li><a href=\"https://flaven.fr\" target=\"_blank\">flaven.fr</a></li><li>Lorem ipsum dolor sit amet, consectetur adipiscing elit, sed do eiusmod tempor incididunt ut labore et dolore magna aliqua. Mauris vitae ultricies leo integer. Bibendum neque egestas congue quisque. Ut etiam sit amet nisl purus. Pharetra vel turpis nunc eget lorem. Volutpat diam ut venenatis tellus in. Egestas egestas fringilla phasellus faucibus scelerisque eleifend donec pretium. Lobortis feugiat vivamus at augue eget arcu dictum varius duis. Bibendum ut tristique et egestas quis. Elementum integer enim neque volutpat. Mauris vitae ultricies leo integer. In nulla posuere sollicitudin aliquam ultrices sagittis orci a.</li></ol>",
			"keywords": ["KW1", "KW2", "KW3", "KW4"],
			"isVisible": true
		}, {
			"id": "5",
			"title": "#5 Question title",
			"content": "<b>Answer 5</b><ol><li><a href=\"https://flaven.fr\" target=\"_blank\">flaven.fr</a></li><li>Lorem ipsum dolor sit amet, consectetur adipiscing elit, sed do eiusmod tempor incididunt ut labore et dolore magna aliqua. Mauris vitae ultricies leo integer. Bibendum neque egestas congue quisque. Ut etiam sit amet nisl purus. Pharetra vel turpis nunc eget lorem. Volutpat diam ut venenatis tellus in. Egestas egestas fringilla phasellus faucibus scelerisque eleifend donec pretium. Lobortis feugiat vivamus at augue eget arcu dictum varius duis. Bibendum ut tristique et egestas quis. Elementum integer enim neque volutpat. Mauris vitae ultricies leo integer. In nulla posuere sollicitudin aliquam ultrices sagittis orci a.</li></ol>",
			"keywords": ["KW1", "KW2", "KW3", "KW4"],
			"isVisible": true
		}, {
			"id": "6",
			"title": "#6 Question title",
			"content": "<b>Answer 6</b><ol><li><a href=\"https://flaven.fr\" target=\"_blank\">flaven.fr</a></li><li>Lorem ipsum dolor sit amet, consectetur adipiscing elit, sed do eiusmod tempor incididunt ut labore et dolore magna aliqua. Mauris vitae ultricies leo integer. Bibendum neque egestas congue quisque. Ut etiam sit amet nisl purus. Pharetra vel turpis nunc eget lorem. Volutpat diam ut venenatis tellus in. Egestas egestas fringilla phasellus faucibus scelerisque eleifend donec pretium. Lobortis feugiat vivamus at augue eget arcu dictum varius duis. Bibendum ut tristique et egestas quis. Elementum integer enim neque volutpat. Mauris vitae ultricies leo integer. In nulla posuere sollicitudin aliquam ultrices sagittis orci a.</li></ol>",
			"keywords": ["KW1", "KW2", "KW3", "KW4"],
			"isVisible": true
		}, {
			"id": "7",
			"title": "#7 Question title",
			"content": "<b>Answer 7</b><ol><li><a href=\"https://flaven.fr\" target=\"_blank\">flaven.fr</a></li><li>Lorem ipsum dolor sit amet, consectetur adipiscing elit, sed do eiusmod tempor incididunt ut labore et dolore magna aliqua. Mauris vitae ultricies leo integer. Bibendum neque egestas congue quisque. Ut etiam sit amet nisl purus. Pharetra vel turpis nunc eget lorem. Volutpat diam ut venenatis tellus in. Egestas egestas fringilla phasellus faucibus scelerisque eleifend donec pretium. Lobortis feugiat vivamus at augue eget arcu dictum varius duis. Bibendum ut tristique et egestas quis. Elementum integer enim neque volutpat. Mauris vitae ultricies leo integer. In nulla posuere sollicitudin aliquam ultrices sagittis orci a.</li></ol>",
			"keywords": ["KW1", "KW2", "KW3", "KW4"],
			"isVisible": true
		}, {
			"id": "8",
			"title": "#8 Question title",
			"content": "<b>Answer 8</b><ol><li><a href=\"https://flaven.fr\" target=\"_blank\">flaven.fr</a></li><li>Lorem ipsum dolor sit amet, consectetur adipiscing elit, sed do eiusmod tempor incididunt ut labore et dolore magna aliqua. Mauris vitae ultricies leo integer. Bibendum neque egestas congue quisque. Ut etiam sit amet nisl purus. Pharetra vel turpis nunc eget lorem. Volutpat diam ut venenatis tellus in. Egestas egestas fringilla phasellus faucibus scelerisque eleifend donec pretium. Lobortis feugiat vivamus at augue eget arcu dictum varius duis. Bibendum ut tristique et egestas quis. Elementum integer enim neque volutpat. Mauris vitae ultricies leo integer. In nulla posuere sollicitudin aliquam ultrices sagittis orci a.</li></ol>",
			"keywords": ["KW1", "KW2", "KW3", "KW4"],
			"isVisible": true
		}, {
			"id": "9",
			"title": "#9 Question title",
			"content": "<b>Answer 9</b><ol><li><a href=\"https://flaven.fr\" target=\"_blank\">flaven.fr</a></li><li>Lorem ipsum dolor sit amet, consectetur adipiscing elit, sed do eiusmod tempor incididunt ut labore et dolore magna aliqua. Mauris vitae ultricies leo integer. Bibendum neque egestas congue quisque. Ut etiam sit amet nisl purus. Pharetra vel turpis nunc eget lorem. Volutpat diam ut venenatis tellus in. Egestas egestas fringilla phasellus faucibus scelerisque eleifend donec pretium. Lobortis feugiat vivamus at augue eget arcu dictum varius duis. Bibendum ut tristique et egestas quis. Elementum integer enim neque volutpat. Mauris vitae ultricies leo integer. In nulla posuere sollicitudin aliquam ultrices sagittis orci a.</li></ol>",
			"keywords": ["KW1", "KW2", "KW3", "KW4"],
			"isVisible": true
		}, {
			"id": "10",
			"title": "#10 Question title",
			"content": "<b>Answer 10</b><ol><li><a href=\"https://flaven.fr\" target=\"_blank\">flaven.fr</a></li><li>Lorem ipsum dolor sit amet, consectetur adipiscing elit, sed do eiusmod tempor incididunt ut labore et dolore magna aliqua. Mauris vitae ultricies leo integer. Bibendum neque egestas congue quisque. Ut etiam sit amet nisl purus. Pharetra vel turpis nunc eget lorem. Volutpat diam ut venenatis tellus in. <b>Egestas egestas fringilla phasellus faucibus scelerisque eleifend donec pretium. Lobortis feugiat vivamus at augue eget arcu dictum varius duis. Bibendum ut tristique et egestas quis. Elementum integer enim neque volutpat. Mauris vitae ultricies leo integer. In nulla posuere sollicitudin aliquam ultrices sagittis orci a.</b></li></ol>",
			"keywords": ["KW1", "KW2", "KW3", "KW4"],
			"isVisible": true
		}]
	}
}