{
    "type": "object",
    "required": [
        "items"
    ],
    "additionalProperties": true,
    "properties": {
        "items": {
            "type": "object",
            "required": [
                "item"
            ],
            "additionalProperties": true,
            "properties": {
                "item": {
                    "type": "array",
                    "items": {
                        "type": "object",
                        "required": [
                            "id",
                            "title",
                            "content",
                            "keywords",
                            "isVisible"
                        ],
                        "properties": {
                            "id": {
                                "type": "string"
                            },
                            "title": {
                                "type": "string"
                            },
                            "content": {
                                "type": "string"
                            },
                            "keywords": {
                                "type": "array"
                            },
                            "isVisible": {
                                "type": "boolean"
                            }
                        }
                    }


                }
            }
        }
    }
}