Accident_Index,Location_Easting_OSGR,Location_Northing_OSGR,Longitude,Latitude,Police_Force,Accident_Severity,Number_of_Vehicles,Number_of_Casualties,Date,Day_of_Week,Time,Local_Authority_(District),Local_Authority_(Highway),1st_Road_Class,1st_Road_Number,Road_Type,Speed_limit,Junction_Detail,Junction_Control,2nd_Road_Class,2nd_Road_Number,Pedestrian_Crossing-Human_Control,Pedestrian_Crossing-Physical_Facilities,Light_Conditions,Weather_Conditions,Road_Surface_Conditions,Special_Conditions_at_Site,Carriageway_Hazards,Urban_or_Rural_Area,Did_Police_Officer_Attend_Scene_of_Accident,LSOA_of_Accident_Location,Year
201201BS70001,527200,178760,-0.169101,51.493429,1,3,2,1,19/01/2012,5,20:35,12,E09000020,3,308,Single carriageway,30,,Automatic traffic signal,5,0,None within 50 metres,Pedestrian phase at traffic signal junction,Darkness: Street lights present and lit,Fine without high winds,Dry,None,None,1,Yes,E01002821,2012
201201BS70002,524930,181430,-0.200838,51.517931,1,3,2,1,04/01/2012,4,17:00,1,E09000033,4,412,Single carriageway,30,,Giveway or uncontrolled,6,0,None within 50 metres,No physical crossing within 50 meters,Darkness: Street lights present and lit,Fine without high winds,Dry,None,None,1,Yes,E01004760,2012
201201BS70003,525860,178080,-0.188636,51.487618,1,3,2,1,10/01/2012,3,10:07,12,E09000020,3,3220,One way street,30,,Giveway or uncontrolled,6,0,None within 50 metres,non-junction pedestrian crossing,Daylight: Street light present,Fine without high winds,Dry,None,None,1,Yes,E01002893,2012
201201BS70004,524980,181030,-0.200259,51.514325,1,3,1,1,18/01/2012,4,12:20,12,E09000020,5,0,Single carriageway,30,,Giveway or uncontrolled,6,0,None within 50 metres,No physical crossing within 50 meters,Daylight: Street light present,Fine without high winds,Dry,None,None,1,Yes,E01002886,2012
201201BS70005,526170,179200,-0.183773,51.497614,1,3,1,1,17/01/2012,3,20:24,12,E09000020,4,325,Single carriageway,30,,Giveway or uncontrolled,6,0,None within 50 metres,No physical crossing within 50 meters,Darkness: Street lights present and lit,Fine without high winds,Dry,None,None,1,Yes,E01002890,2012
201201BS70006,526090,177600,-0.185496,51.483253,1,3,2,1,19/01/2012,5,07:30,12,E09000020,3,308,Single carriageway,30,,Automatic traffic signal,3,3220,None within 50 metres,Pedestrian phase at traffic signal junction,Darkness: Street lights present and lit,Raining without high winds,Wet/Damp,None,None,1,Yes,E01002912,2012
201201BS70007,527780,179680,-0.160418,51.501567,1,3,1,1,12/01/2012,5,14:00,1,E09000033,3,3216,Single carriageway,30,,Automatic traffic signal,3,4,None within 50 metres,Pedestrian phase at traffic signal junction,Daylight: Street light present,Fine without high winds,Dry,None,None,1,Yes,E01002818,2012
201201BS70008,524010,182080,-0.213862,51.523975,1,3,2,1,07/01/2012,7,11:29,12,E09000020,4,450,Roundabout,30,,Giveway or uncontrolled,5,0,None within 50 metres,Zebra crossing,Daylight: Street light present,Fine without high winds,Dry,None,None,1,Yes,E01002905,2012
201201BS70010,527710,179290,-0.161567,51.498077,1,3,2,1,07/01/2012,7,13:55,12,E09000020,6,0,One way street,30,,Giveway or uncontrolled,6,0,None within 50 metres,No physical crossing within 50 meters,Daylight: Street light present,Fine without high winds,Dry,None,None,1,No,E01002818,2012