﻿"Address","Content Type","Status Code","Status","Indexability","Indexability Status","Title 1","Title 1 Length","Title 1 Pixel Width","Meta Description 1","Meta Description 1 Length","Meta Description 1 Pixel Width","Meta Keywords 1","Meta Keywords 1 Length","H1-1","H1-1 Length","H1-2","H1-2 Length","H2-1","H2-1 Length","Meta Robots 1","X-Robots-Tag 1","Meta Refresh 1","Canonical Link Element 1","rel=""next"" 1","rel=""prev"" 1","HTTP rel=""next"" 1","HTTP rel=""prev"" 1","amphtml Link Element","Size (bytes)","Word Count","Text Ratio","Crawl Depth","Link Score","Inlinks","Unique Inlinks","Unique JS Inlinks","% of Total","Outlinks","Unique Outlinks","Unique JS Outlinks","External Outlinks","Unique External Outlinks","Unique External JS Outlinks","Closest Similarity Match","No. Near Duplicates","Spelling Errors","Grammar Errors","Hash","Response Time","Last Modified","Redirect URL","Redirect Type","Cookies","HTTP Version","URL Encoded Address","Crawl Timestamp"
"http://flaven.fr/","text/html; charset=UTF-8","200","OK","Indexable","","@ Flaven.net – Bruno Flaven's website","37","346","","","","","","@ Flaven.net","12","Deploying and Sharing Streamlit Application with Heroku and Streamlit","69","","","","","","","","","","","","","","","0","","303","99","0","100.000","249","141","0","","","","","","","","","","","","","","1.1","http://flaven.fr/","2021-12-09 15:13:50"
"http://flaven.fr/2021/04/","text/html; charset=UTF-8","200","OK","Indexable","","April 2021 – @ Flaven.net","25","230","","","","","","Month: April 2021","17","Using Ludwig, Introduction to Deep Learning","43","","","","","","","","","","","","","","","1","","102","99","0","100.000","132","122","0","","","","","","","","","","","","","","1.1","http://flaven.fr/2021/04/","2021-12-09 15:13:54"
"http://flaven.fr/2016/09/","text/html; charset=UTF-8","200","OK","Indexable","","September 2016 – @ Flaven.net","29","289","","","","","","Month: September 2016","21","BDD, Behat, Gherkin – Introduction au Behavior Driven Development avec Behat et Mink","84","","","","","","","","","","","","","","","1","","102","99","0","100.000","138","124","0","","","","","","","","","","","","","","1.1","http://flaven.fr/2016/09/","2021-12-09 15:13:54"
"http://flaven.fr/2019/07/","text/html; charset=UTF-8","200","OK","Indexable","","July 2019 – @ Flaven.net","24","226","","","","","","Month: July 2019","16","Using Pandoc to generate documentation, manuals in pdf, docx, html from markdown documents","90","","","","","","","","","","","","","","","1","","102","99","0","100.000","138","124","0","","","","","","","","","","","","","","1.1","http://flaven.fr/2019/07/","2021-12-09 15:13:54"
"http://flaven.fr/2015/05/","text/html; charset=UTF-8","200","OK","Indexable","","May 2015 – @ Flaven.net","23","229","","","","","","Month: May 2015","15","D3, Data Visualization – Créer un nuage de mots en Data Visualisation sur la base d’un texte","92","","","","","","","","","","","","","","","1","","102","99","0","100.000","132","123","0","","","","","","","","","","","","","","1.1","http://flaven.fr/2015/05/","2021-12-09 15:13:54"
"http://flaven.fr/2017/06/","text/html; charset=UTF-8","200","OK","Indexable","","June 2017 – @ Flaven.net","24","234","","","","","","Month: June 2017","16","WordPress, API, JSON – POC for a small Rest API with WordPress mobile applications","82","","","","","","","","","","","","","","","1","","102","99","0","100.000","132","123","0","","","","","","","","","","","","","","1.1","http://flaven.fr/2017/06/","2021-12-09 15:13:54"
"http://flaven.fr/bruno-flaven-resume-cv/","text/html; charset=UTF-8","200","OK","Indexable","","Bruno Flaven – @ Flaven.net","27","259","","","","","","Bruno Flaven","12","","0","","","","","","http://flaven.fr/bruno-flaven-resume-cv/","","","","","","","","","1","","102","99","0","100.000","129","124","0","","","","","","","","","","","","","","1.1","http://flaven.fr/bruno-flaven-resume-cv/","2021-12-09 15:13:54"
"http://flaven.fr/2021/03/improve-a-cmss-photos-library-qualification-with-ai-object-detection-from-images-in-python-with-opencv-and-yolo/","text/html; charset=UTF-8","200","OK","Indexable","","Improve a CMS’s photos library qualification with AI, Object Detection from images in Python with OpenCv and YOLO – @ Flaven.net","128","1184","","","","","","Improve a CMS’s photos library qualification with AI, Object Detection from images in Python with OpenCv and YOLO","113","","0","","","","","","http://flaven.fr/2021/03/improve-a-cmss-photos-library-qualification-with-ai-object-detection-from-images-in-python-with-opencv-and-yolo/","","","","","","","","","1","","26","7","0","7.070","182","168","0","","","","","","","","","","","","","","1.1","http://flaven.fr/2021/03/improve-a-cmss-photos-library-qualification-with-ai-object-detection-from-images-in-python-with-opencv-and-yolo/","2021-12-09 15:13:54"
"http://flaven.fr/2013/04/","text/html; charset=UTF-8","200","OK","Indexable","","April 2013 – @ Flaven.net","25","230","","","","","","Month: April 2013","17","Visions du Réel, SUPSI, i_doc workshop 2013 – Un retour sur le i_doc workshop 2013 au festival Visions du Réel de Nyon","118","","","","","","","","","","","","","","","1","","102","99","0","100.000","180","135","0","","","","","","","","","","","","","","1.1","http://flaven.fr/2013/04/","2021-12-09 15:13:54"
"http://flaven.fr/2021/04/using-ludwig-introduction-to-deep-learning/","text/html; charset=UTF-8","200","OK","Indexable","","Using Ludwig, Introduction to Deep Learning – @ Flaven.net","58","535","","","","","","Using Ludwig, Introduction to Deep Learning","43","","0","","","","","","http://flaven.fr/2021/04/using-ludwig-introduction-to-deep-learning/","","","","","","","","","1","","133","99","0","100.000","175","158","0","","","","","","","","","","","","","","1.1","http://flaven.fr/2021/04/using-ludwig-introduction-to-deep-learning/","2021-12-09 15:13:54"
"http://flaven.fr/2017/10/","text/html; charset=UTF-8","200","OK","Indexable","","October 2017 – @ Flaven.net","27","263","","","","","","Month: October 2017","19","Mobile, Testing – Using Calabash or Appium to test your mobile applications on iOS and Android","94","","","","","","","","","","","","","","","1","","102","99","0","100.000","132","123","0","","","","","","","","","","","","","","1.1","http://flaven.fr/2017/10/","2021-12-09 15:13:55"
"http://flaven.fr/2020/03/some-basic-tools-for-telecommuting-or-teleworking-a-brief-survival-guide-for-p-o-in-containment-working-with-agile-scrum-method/","text/html; charset=UTF-8","200","OK","Indexable","","Some basic tools for telecommuting or teleworking, a brief survival guide for P.O in containment working with Agile Scrum method – @ Flaven.net","143","1292","","","","","","Some basic tools for telecommuting or teleworking, a brief survival guide for P.O in containment working with Agile Scrum method","128","","0","","","","","","http://flaven.fr/2020/03/some-basic-tools-for-telecommuting-or-teleworking-a-brief-survival-guide-for-p-o-in-containment-working-with-agile-scrum-method/","","","","","","","","","1","","26","7","0","7.070","166","151","0","","","","","","","","","","","","","","1.1","http://flaven.fr/2020/03/some-basic-tools-for-telecommuting-or-teleworking-a-brief-survival-guide-for-p-o-in-containment-working-with-agile-scrum-method/","2021-12-09 15:13:55"
"http://flaven.fr/2018/02/","text/html; charset=UTF-8","200","OK","Indexable","","February 2018 – @ Flaven.net","28","271","","","","","","Month: February 2018","20","MySQL, Encrypt, Decrypt – Encryption, decryption data in PHP, MySQL and some elements on the GDPR Compliance","108","","","","","","","","","","","","","","","1","","102","99","0","100.000","132","123","0","","","","","","","","","","","","","","1.1","http://flaven.fr/2018/02/","2021-12-09 15:13:55"
"http://flaven.fr/2012/11/","text/html; charset=UTF-8","200","OK","Indexable","","November 2012 – @ Flaven.net","28","283","","","","","","Month: November 2012","20","Le concept de site Web est mort, c’est à dire une…","50","","","","","","","","","","","","","","","1","","102","99","0","100.000","150","129","0","","","","","","","","","","","","","","1.1","http://flaven.fr/2012/11/","2021-12-09 15:13:55"
"http://flaven.fr/2020/04/imagemagick-docker-devops-bulk-processing-images-with-imagemagick-and-docker-devops-solution-a-quick-comparison-with-photoshop-scripts-craft-solution/","text/html; charset=UTF-8","200","OK","Indexable","","Imagemagick, Docker, DevOps – Bulk processing images with Imagemagick and Docker, DevOps solution. A quick comparison with Photoshop scripts, Craft solution. – @ Flaven.net","172","1611","","","","","","Imagemagick, Docker, DevOps – Bulk processing images with Imagemagick and Docker, DevOps solution. A quick comparison with Photoshop scripts, Craft solution.","157","","0","","","","","","http://flaven.fr/2020/04/imagemagick-docker-devops-bulk-processing-images-with-imagemagick-and-docker-devops-solution-a-quick-comparison-with-photoshop-scripts-craft-solution/","","","","","","","","","1","","26","7","0","7.070","172","158","0","","","","","","","","","","","","","","1.1","http://flaven.fr/2020/04/imagemagick-docker-devops-bulk-processing-images-with-imagemagick-and-docker-devops-solution-a-quick-comparison-with-photoshop-scripts-craft-solution/","2021-12-09 15:13:55"
"http://flaven.fr/2020/05/mind-mapping-learn-better-and-be-more-creative-with-mind-mapping-a-small-introduction-to-mind-mapping/","text/html; charset=UTF-8","200","OK","Indexable","","Mind Mapping, learn better and be more creative with Mind Mapping, a small introduction to Mind Mapping – @ Flaven.net","118","1085","","","","","","Mind Mapping, learn better and be more creative with Mind Mapping, a small introduction to Mind Mapping","103","","0","","","","","","http://flaven.fr/2020/05/mind-mapping-learn-better-and-be-more-creative-with-mind-mapping-a-small-introduction-to-mind-mapping/","","","","","","","","","1","","21","6","0","6.060","156","142","0","","","","","","","","","","","","","","1.1","http://flaven.fr/2020/05/mind-mapping-learn-better-and-be-more-creative-with-mind-mapping-a-small-introduction-to-mind-mapping/","2021-12-09 15:13:55"
"http://flaven.fr/2013/03/","text/html; charset=UTF-8","200","OK","Indexable","","March 2013 – @ Flaven.net","25","247","","","","","","Month: March 2013","17","Chris Anderson : Comment la vidéo sur le web alime…","51","","","","","","","","","","","","","","","1","","102","99","0","100.000","223","147","0","","","","","","","","","","","","","","1.1","http://flaven.fr/2013/03/","2021-12-09 15:13:55"
"http://flaven.fr/2015/10/","text/html; charset=UTF-8","200","OK","Indexable","","October 2015 – @ Flaven.net","27","263","","","","","","Month: October 2015","19","JSON-LD, SEO – Implementer du JSON-LD dans WordPress","52","","","","","","","","","","","","","","","1","","102","99","0","100.000","132","123","0","","","","","","","","","","","","","","1.1","http://flaven.fr/2015/10/","2021-12-09 15:13:55"
"http://flaven.fr/2021/05/","text/html; charset=UTF-8","200","OK","Indexable","","May 2021 – @ Flaven.net","23","229","","","","","","Month: May 2021","15","Exploring Streamlit or Dash to build specific Interactive Web Applications","74","","","","","","","","","","","","","","","1","","102","99","0","100.000","132","122","0","","","","","","","","","","","","","","1.1","http://flaven.fr/2021/05/","2021-12-09 15:13:55"
"http://flaven.fr/2012/12/","text/html; charset=UTF-8","200","OK","Indexable","","December 2012 – @ Flaven.net","28","283","","","","","","Month: December 2012","20","Lire… Une année d’apprentissage de la lecture au CP – Une expérience interactive enrichie sur l’apprentissage de la lecture","123","","","","","","","","","","","","","","","1","","102","99","0","100.000","136","125","0","","","","","","","","","","","","","","1.1","http://flaven.fr/2012/12/","2021-12-09 15:13:55"
"http://flaven.fr/2019/07/image-metadata-dam-getting-metada-from-pictures/","text/html; charset=UTF-8","200","OK","Indexable","","Image, metadata, DAM – Getting metada from pictures – @ Flaven.net","66","632","","","","","","Image, metadata, DAM – Getting metada from pictures","51","","0","","","","","","http://flaven.fr/2019/07/image-metadata-dam-getting-metada-from-pictures/","","","","","","","","","1","","26","7","0","7.070","162","148","0","","","","","","","","","","","","","","1.1","http://flaven.fr/2019/07/image-metadata-dam-getting-metada-from-pictures/","2021-12-09 15:13:55"
"http://flaven.fr/2017/05/","text/html; charset=UTF-8","200","OK","Indexable","","May 2017 – @ Flaven.net","23","229","","","","","","Month: May 2017","15","Proof of concept to create a small Rest API with Slim, the minimalist PHP framework","83","","","","","","","","","","","","","","","1","","102","99","0","100.000","138","124","0","","","","","","","","","","","","","","1.1","http://flaven.fr/2017/05/","2021-12-09 15:13:55"
"http://flaven.fr/2014/11/","text/html; charset=UTF-8","200","OK","Indexable","","November 2014 – @ Flaven.net","28","283","","","","","","Month: November 2014","20","Slim, API, Framework – Les bonnes pratiques pour créer une API avec le micro-framework PHP Slim","95","","","","","","","","","","","","","","","1","","102","99","0","100.000","132","123","0","","","","","","","","","","","","","","1.1","http://flaven.fr/2014/11/","2021-12-09 15:13:56"
"http://flaven.fr/2020/06/improve-a-cms-photos-library-qualification-with-ai-facial-recognition-in-python-to-provide-better-images-search-results-to-users/","text/html; charset=UTF-8","200","OK","Indexable","","Improve a CMS’s photos library qualification with AI, facial recognition in python, to provide better images search results to users – @ Flaven.net","147","1282","","","","","","Improve a CMS’s photos library qualification with AI, facial recognition in python, to provide better images search results to users","132","","0","","","","","","http://flaven.fr/2020/06/improve-a-cms-photos-library-qualification-with-ai-facial-recognition-in-python-to-provide-better-images-search-results-to-users/","","","","","","","","","1","","27","8","0","8.080","175","160","0","","","","","","","","","","","","","","1.1","http://flaven.fr/2020/06/improve-a-cms-photos-library-qualification-with-ai-facial-recognition-in-python-to-provide-better-images-search-results-to-users/","2021-12-09 15:13:55"
"http://flaven.fr/2020/06/","text/html; charset=UTF-8","200","OK","Indexable","","June 2020 – @ Flaven.net","24","234","","","","","","Month: June 2020","16","Improve a CMS’s photos library qualification with AI, facial recognition in python, to provide better images search results to users","132","","","","","","","","","","","","","","","1","","102","99","0","100.000","132","123","0","","","","","","","","","","","","","","1.1","http://flaven.fr/2020/06/","2021-12-09 15:13:56"
"http://flaven.fr/2016/02/","text/html; charset=UTF-8","200","OK","Indexable","","February 2016 – @ Flaven.net","28","271","","","","","","Month: February 2016","20","Selenium, Tests, Web, Mobile – Débuter avec Selenium pour effectuer des tests","77","","","","","","","","","","","","","","","1","","102","99","0","100.000","132","123","0","","","","","","","","","","","","","","1.1","http://flaven.fr/2016/02/","2021-12-09 15:13:56"
"http://flaven.fr/2018/01/","text/html; charset=UTF-8","200","OK","Indexable","","January 2018 – @ Flaven.net","27","262","","","","","","Month: January 2018","19","Laravel, CRUD – Generate a Laravel Admin CRUD dashboard with builder like laraadmin or Infyom","93","","","","","","","","","","","","","","","1","","102","99","0","100.000","132","123","0","","","","","","","","","","","","","","1.1","http://flaven.fr/2018/01/","2021-12-09 15:13:56"
"http://flaven.fr/2020/10/","text/html; charset=UTF-8","200","OK","Indexable","","October 2020 – @ Flaven.net","27","263","","","","","","Month: October 2020","19","Python, Randomization, E2E – it’s all about Random and some good reasons to learn and leverage on Python","104","","","","","","","","","","","","","","","1","","102","99","0","100.000","132","123","0","","","","","","","","","","","","","","1.1","http://flaven.fr/2020/10/","2021-12-09 15:13:56"
"http://flaven.fr/2015/11/","text/html; charset=UTF-8","200","OK","Indexable","","November 2015 – @ Flaven.net","28","283","","","","","","Month: November 2015","20","Mac, Console – Fractionner des fichiers volumineux sous Mac avec la commande split","82","","","","","","","","","","","","","","","1","","102","99","0","100.000","132","123","0","","","","","","","","","","","","","","1.1","http://flaven.fr/2015/11/","2021-12-09 15:13:56"
"http://flaven.fr/2013/02/","text/html; charset=UTF-8","200","OK","Indexable","","February 2013 – @ Flaven.net","28","271","","","","","","Month: February 2013","20","#Ajax, #jQuery, #PHP, MySQL, article sans prétenti…","51","","","","","","","","","","","","","","","1","","102","99","0","100.000","164","132","0","","","","","","","","","","","","","","1.1","http://flaven.fr/2013/02/","2021-12-09 15:13:56"
"http://flaven.fr/2021/06/","text/html; charset=UTF-8","200","OK","Indexable","","June 2021 – @ Flaven.net","24","234","","","","","","Month: June 2021","16","Extending Streamlit usage to create data science applications and other type of applications","92","","","","","","","","","","","","","","","1","","102","99","0","100.000","132","122","0","","","","","","","","","","","","","","1.1","http://flaven.fr/2021/06/","2021-12-09 15:13:56"
"http://flaven.fr/2021/01/fake-news-detection-in-python-using-natural-language-processing-can-applied-computing-help-a-journalist-in-automatic-fact-checking/","text/html; charset=UTF-8","200","OK","Indexable","","Fake News Detection in Python using Natural language processing – Can applied computing help a journalist in automatic fact-checking? – @ Flaven.net","148","1350","","","","","","Fake News Detection in Python using Natural language processing – Can applied computing help a journalist in automatic fact-checking?","133","","0","","","","","","http://flaven.fr/2021/01/fake-news-detection-in-python-using-natural-language-processing-can-applied-computing-help-a-journalist-in-automatic-fact-checking/","","","","","","","","","1","","21","6","0","6.060","174","160","0","","","","","","","","","","","","","","1.1","http://flaven.fr/2021/01/fake-news-detection-in-python-using-natural-language-processing-can-applied-computing-help-a-journalist-in-automatic-fact-checking/","2021-12-09 15:13:56"
"http://flaven.fr/category/agile/","text/html; charset=UTF-8","200","OK","Indexable","","Agile – @ Flaven.net","20","184","","","","","","Category: Agile","15","Doing more effective work and less coding, videos retrieving’s dilemma fixed with a 2 hours WP plugin work.","107","","","","","","","","","","","","","","","1","","100","41","0","41.410","249","144","0","","","","","","","","","","","","","","1.1","http://flaven.fr/category/agile/","2021-12-09 15:13:57"
"http://flaven.fr/2017/12/","text/html; charset=UTF-8","200","OK","Indexable","","December 2017 – @ Flaven.net","28","283","","","","","","Month: December 2017","20","Hack, WordPress – A quick introduction to diagnose, restore and protect a hacked WordPress","90","","","","","","","","","","","","","","","1","","102","99","0","100.000","144","126","0","","","","","","","","","","","","","","1.1","http://flaven.fr/2017/12/","2021-12-09 15:13:57"
"http://flaven.fr/2021/10/","text/html; charset=UTF-8","200","OK","Indexable","","October 2021 – @ Flaven.net","27","263","","","","","","Month: October 2021","19","Deploying and Sharing Streamlit Application with Heroku and Streamlit","69","","","","","","","","","","","","","","","1","","102","99","0","100.000","138","122","0","","","","","","","","","","","","","","1.1","http://flaven.fr/2021/10/","2021-12-09 15:13:57"
"http://flaven.fr/2019/07/using-pandoc-to-generate-documentation-manuals-in-pdf-docx-html-from-markdown-documents/","text/html; charset=UTF-8","200","OK","Indexable","","Using Pandoc to generate documentation, manuals in pdf, docx, html from markdown documents – @ Flaven.net","105","1004","","","","","","Using Pandoc to generate documentation, manuals in pdf, docx, html from markdown documents","90","","0","","","","","","http://flaven.fr/2019/07/using-pandoc-to-generate-documentation-manuals-in-pdf-docx-html-from-markdown-documents/","","","","","","","","","1","","21","6","0","6.060","157","143","0","","","","","","","","","","","","","","1.1","http://flaven.fr/2019/07/using-pandoc-to-generate-documentation-manuals-in-pdf-docx-html-from-markdown-documents/","2021-12-09 15:13:57"
"http://flaven.fr/2015/07/","text/html; charset=UTF-8","200","OK","Indexable","","July 2015 – @ Flaven.net","24","226","","","","","","Month: July 2015","16","D3, JavaScript, GeoJSON – Créer une carte avec D3","49","","","","","","","","","","","","","","","1","","102","99","0","100.000","132","123","0","","","","","","","","","","","","","","1.1","http://flaven.fr/2015/07/","2021-12-09 15:13:57"
"http://flaven.fr/2020/05/","text/html; charset=UTF-8","200","OK","Indexable","","May 2020 – @ Flaven.net","23","229","","","","","","Month: May 2020","15","Python, Anaconda, WordPress, JSON, JSON-SCHEMA – Messy post with few practices and feedback from my P.O experience.","115","","","","","","","","","","","","","","","1","","102","99","0","100.000","138","125","0","","","","","","","","","","","","","","1.1","http://flaven.fr/2020/05/","2021-12-09 15:13:57"
"http://flaven.fr/category/developpement-digital/","text/html; charset=UTF-8","200","OK","Indexable","","Développement – @ Flaven.net","28","280","","","","","","Category: Développement","23","Deploying and Sharing Streamlit Application with Heroku and Streamlit","69","","","","","","","","","","","","","","","1","","47","30","0","30.300","249","141","0","","","","","","","","","","","","","","1.1","http://flaven.fr/category/developpement-digital/","2021-12-09 15:13:57"
"http://flaven.fr/page/2/","text/html; charset=UTF-8","200","OK","Indexable","","@ Flaven.net – Page 2 – Bruno Flaven's website","46","431","","","","","","@ Flaven.net","12","ClaimReview, Fact Check – Using ClaimReview structured data element to Fact Check articles and build a WordPress plugin for it","126","","","","","","","","","","","","","","","1","","5","2","0","2.020","251","148","0","","","","","","","","","","","","","","1.1","http://flaven.fr/page/2/","2021-12-09 15:13:57"
"http://flaven.fr/2014/10/","text/html; charset=UTF-8","200","OK","Indexable","","October 2014 – @ Flaven.net","27","263","","","","","","Month: October 2014","19","Git, Bitbucket – Utiliser SourceTree sur Bitbucket pour versionner ses projets","78","","","","","","","","","","","","","","","1","","102","99","0","100.000","138","124","0","","","","","","","","","","","","","","1.1","http://flaven.fr/2014/10/","2021-12-09 15:13:58"
"http://flaven.fr/2014/06/","text/html; charset=UTF-8","200","OK","Indexable","","June 2014 – @ Flaven.net","24","234","","","","","","Month: June 2014","16","Police, Google, Google Font – Conversion et choix d’une police multilingue pour le web, le mobile…","98","","","","","","","","","","","","","","","1","","102","99","0","100.000","144","126","0","","","","","","","","","","","","","","1.1","http://flaven.fr/2014/06/","2021-12-09 15:13:58"
"http://flaven.fr/2016/03/","text/html; charset=UTF-8","200","OK","Indexable","","March 2016 – @ Flaven.net","25","247","","","","","","Month: March 2016","17","Postman, API – Utiliser Postman pour manipuler une API","54","","","","","","","","","","","","","","","1","","102","99","0","100.000","138","125","0","","","","","","","","","","","","","","1.1","http://flaven.fr/2016/03/","2021-12-09 15:13:58"
"http://flaven.fr/2013/01/","text/html; charset=UTF-8","200","OK","Indexable","","January 2013 – @ Flaven.net","27","262","","","","","","Month: January 2013","19","Mac, Apple, AppleScript, Photoshop – Manipuler Pho…","51","","","","","","","","","","","","","","","1","","102","99","0","100.000","142","127","0","","","","","","","","","","","","","","1.1","http://flaven.fr/2013/01/","2021-12-09 15:13:58"
"http://flaven.fr/2015/12/","text/html; charset=UTF-8","200","OK","Indexable","","December 2015 – @ Flaven.net","28","283","","","","","","Month: December 2015","20","Periscope, Android – Utiliser l’API de stream de Periscope","58","","","","","","","","","","","","","","","1","","102","99","0","100.000","132","123","0","","","","","","","","","","","","","","1.1","http://flaven.fr/2015/12/","2021-12-09 15:13:58"
"http://flaven.fr/2021/10/stop-starting-start-stopping-wandering-from-google-tag-manager-to-google-analytics-api-through-pandas-and-json/","text/html; charset=UTF-8","200","OK","Indexable","","Stop Starting, Start Stopping – Wandering from Google Tag Manager to Google Analytics API, through Pandas and JSON – @ Flaven.net","129","1223","","","","","","Stop Starting, Start Stopping – Wandering from Google Tag Manager to Google Analytics API, through Pandas and JSON","114","","0","","","","","","http://flaven.fr/2021/10/stop-starting-start-stopping-wandering-from-google-tag-manager-to-google-analytics-api-through-pandas-and-json/","","","","","","","","","1","","158","99","0","100.000","162","145","0","","","","","","","","","","","","","","1.1","http://flaven.fr/2021/10/stop-starting-start-stopping-wandering-from-google-tag-manager-to-google-analytics-api-through-pandas-and-json/","2021-12-09 15:13:58"
"http://flaven.fr/2017/11/","text/html; charset=UTF-8","200","OK","Indexable","","November 2017 – @ Flaven.net","28","283","","","","","","Month: November 2017","20","Laravel, Navigator – Discovering Navigator an admin panel generator for Laravel","79","","","","","","","","","","","","","","","1","","102","99","0","100.000","132","123","0","","","","","","","","","","","","","","1.1","http://flaven.fr/2017/11/","2021-12-09 15:13:58"
"http://flaven.fr/2017/07/","text/html; charset=UTF-8","200","OK","Indexable","","July 2017 – @ Flaven.net","24","226","","","","","","Month: July 2017","16","Framer, Origami – Prototyping mobile applications with the best UX design tool","78","","","","","","","","","","","","","","","1","","102","99","0","100.000","132","123","0","","","","","","","","","","","","","","1.1","http://flaven.fr/2017/07/","2021-12-09 15:13:58"
"http://flaven.fr/2015/08/","text/html; charset=UTF-8","200","OK","Indexable","","August 2015 – @ Flaven.net","26","253","","","","","","Month: August 2015","18","deck.js, JavaScript – Faire une présentation avec deck.js","57","","","","","","","","","","","","","","","1","","102","99","0","100.000","132","123","0","","","","","","","","","","","","","","1.1","http://flaven.fr/2015/08/","2021-12-09 15:13:58"
"http://flaven.fr/2012/10/","text/html; charset=UTF-8","200","OK","Indexable","","October 2012 – @ Flaven.net","27","263","","","","","","Month: October 2012","19","Un article matinal et bienveillant avec quelques #…","51","","","","","","","","","","","","","","","1","","102","99","0","100.000","160","132","0","","","","","","","","","","","","","","1.1","http://flaven.fr/2012/10/","2021-12-09 15:13:59"
"http://flaven.fr/page/32/","text/html; charset=UTF-8","200","OK","Indexable","","@ Flaven.net – Page 32 – Bruno Flaven's website","47","442","","","","","","@ Flaven.net","12","Créer sur Mac un sitemap google pour votre site","47","","","","","","","","","","","","","","","1","","5","3","0","3.030","141","127","0","","","","","","","","","","","","","","1.1","http://flaven.fr/page/32/","2021-12-09 15:13:59"
"http://flaven.fr/2020/04/","text/html; charset=UTF-8","200","OK","Indexable","","April 2020 – @ Flaven.net","25","230","","","","","","Month: April 2020","17","Imagemagick, Docker, DevOps – Bulk processing images with Imagemagick and Docker, DevOps solution. A quick comparison with Photoshop scripts, Craft solution.","157","","","","","","","","","","","","","","","1","","102","99","0","100.000","138","125","0","","","","","","","","","","","","","","1.1","http://flaven.fr/2020/04/","2021-12-09 15:13:59"
"http://flaven.fr/clients/","text/html; charset=UTF-8","200","OK","Indexable","","Clients – @ Flaven.net","22","201","","","","","","Radio France internationale (RFI)","33","France 24","9","","","","","","","","","","","","","","","1","","102","99","0","100.000","189","143","0","","","","","","","","","","","","","","1.1","http://flaven.fr/clients/","2021-12-09 15:13:59"
"http://flaven.fr/2016/04/","text/html; charset=UTF-8","200","OK","Indexable","","April 2016 – @ Flaven.net","25","230","","","","","","Month: April 2016","17","Ionicframework, Angular, Cordova – Découvrir ionicframework pour créer une application iOS","90","","","","","","","","","","","","","","","1","","102","99","0","100.000","138","125","0","","","","","","","","","","","","","","1.1","http://flaven.fr/2016/04/","2021-12-09 15:13:59"
"http://flaven.fr/about-3wdoc/","text/html; charset=UTF-8","200","OK","Indexable","","About 3WDOC – @ Flaven.net","26","273","","","","","","About 3WDOC","11","","0","","","","","","http://flaven.fr/about-3wdoc/","","","","","","","","","1","","102","99","0","100.000","129","124","0","","","","","","","","","","","","","","1.1","http://flaven.fr/about-3wdoc/","2021-12-09 15:13:59"
"http://flaven.fr/2018/03/","text/html; charset=UTF-8","200","OK","Indexable","","March 2018 – @ Flaven.net","25","247","","","","","","Month: March 2018","17","API, Postman, Newman – Create a quick API with json-server and Faker and then test it with Chai-JS, Postman and Newman","118","","","","","","","","","","","","","","","1","","102","99","0","100.000","132","123","0","","","","","","","","","","","","","","1.1","http://flaven.fr/2018/03/","2021-12-09 15:13:59"
"http://flaven.fr/2013/12/","text/html; charset=UTF-8","200","OK","Indexable","","December 2013 – @ Flaven.net","28","283","","","","","","Month: December 2013","20","Shortener, Bit.ly, API – Raccourcir des URLs à l’aide des URL-Shortener APIs","76","","","","","","","","","","","","","","","1","","102","99","0","100.000","132","123","0","","","","","","","","","","","","","","1.1","http://flaven.fr/2013/12/","2021-12-09 15:14:00"
"http://flaven.fr/2018/10/","text/html; charset=UTF-8","200","OK","Indexable","","October 2018 – @ Flaven.net","27","263","","","","","","Month: October 2018","19","Lando, Docker, Development – Discover quickly the potential of Lando with a simple WordPress install","100","","","","","","","","","","","","","","","1","","102","99","0","100.000","132","123","0","","","","","","","","","","","","","","1.1","http://flaven.fr/2018/10/","2021-12-09 15:14:00"
"http://flaven.fr/2015/01/","text/html; charset=UTF-8","200","OK","Indexable","","January 2015 – @ Flaven.net","27","262","","","","","","Month: January 2015","19","Facebook, API, Page – Parcourir et réutiliser les données d’une page Facebook","77","","","","","","","","","","","","","","","1","","102","99","0","100.000","132","123","0","","","","","","","","","","","","","","1.1","http://flaven.fr/2015/01/","2021-12-09 15:14:00"
"http://flaven.fr/2015/09/","text/html; charset=UTF-8","200","OK","Indexable","","September 2015 – @ Flaven.net","29","289","","","","","","Month: September 2015","21","Multilinguisme, Symfony, App – Générer un fichier de traduction depuis un csv issu d’un google doc","98","","","","","","","","","","","","","","","1","","102","99","0","100.000","138","124","0","","","","","","","","","","","","","","1.1","http://flaven.fr/2015/09/","2021-12-09 15:14:00"
"http://flaven.fr/2020/05/python-anaconda-worpress-json-json-schema-messy-post-with-few-practices-and-feedback-from-my-p-o-experience/","text/html; charset=UTF-8","200","OK","Indexable","","Python, Anaconda, WordPress, JSON, JSON-SCHEMA – Messy post with few practices and feedback from my P.O experience. – @ Flaven.net","130","1280","","","","","","Python, Anaconda, WordPress, JSON, JSON-SCHEMA – Messy post with few practices and feedback from my P.O experience.","115","","0","","","","","","http://flaven.fr/2020/05/python-anaconda-worpress-json-json-schema-messy-post-with-few-practices-and-feedback-from-my-p-o-experience/","","","","","","","","","1","","28","8","0","8.080","167","153","0","","","","","","","","","","","","","","1.1","http://flaven.fr/2020/05/python-anaconda-worpress-json-json-schema-messy-post-with-few-practices-and-feedback-from-my-p-o-experience/","2021-12-09 15:14:00"
"http://flaven.fr/2021/03/doing-more-effective-work-and-less-coding-videos-retrievings-dilemma-fixed-with-a-2-hours-wp-plugin-work/","text/html; charset=UTF-8","200","OK","Indexable","","Doing more effective work and less coding, videos retrieving’s dilemma fixed with a 2 hours WP plugin work. – @ Flaven.net","122","1098","","","","","","Doing more effective work and less coding, videos retrieving’s dilemma fixed with a 2 hours WP plugin work.","107","","0","","","","","","http://flaven.fr/2021/03/doing-more-effective-work-and-less-coding-videos-retrievings-dilemma-fixed-with-a-2-hours-wp-plugin-work/","","","","","","","","","1","","26","7","0","7.070","167","152","0","","","","","","","","","","","","","","1.1","http://flaven.fr/2021/03/doing-more-effective-work-and-less-coding-videos-retrievings-dilemma-fixed-with-a-2-hours-wp-plugin-work/","2021-12-09 15:14:00"
"http://flaven.fr/2020/03/","text/html; charset=UTF-8","200","OK","Indexable","","March 2020 – @ Flaven.net","25","247","","","","","","Month: March 2020","17","Some basic tools for telecommuting or teleworking, a brief survival guide for P.O in containment working with Agile Scrum method","128","","","","","","","","","","","","","","","1","","102","99","0","100.000","132","123","0","","","","","","","","","","","","","","1.1","http://flaven.fr/2020/03/","2021-12-09 15:14:00"
"http://flaven.fr/2014/04/","text/html; charset=UTF-8","200","OK","Indexable","","April 2014 – @ Flaven.net","25","230","","","","","","Month: April 2014","17","XPath, XML, BigData – Rationnaliser ces données, manipulation du XML à l’aide SimpleXML","87","","","","","","","","","","","","","","","1","","102","99","0","100.000","138","125","0","","","","","","","","","","","","","","1.1","http://flaven.fr/2014/04/","2021-12-09 15:14:00"
"http://flaven.fr/2021/06/extending-streamlit-usage-to-create-data-science-applications-and-other-type-of-applications/","text/html; charset=UTF-8","200","OK","Indexable","","Extending Streamlit usage to create data science applications and other type of applications – @ Flaven.net","107","955","","","","","","Extending Streamlit usage to create data science applications and other type of applications","92","","0","","","","","","http://flaven.fr/2021/06/extending-streamlit-usage-to-create-data-science-applications-and-other-type-of-applications/","","","","","","","","","1","","163","99","0","100.000","175","158","0","","","","","","","","","","","","","","1.1","http://flaven.fr/2021/06/extending-streamlit-usage-to-create-data-science-applications-and-other-type-of-applications/","2021-12-09 15:14:00"
"http://flaven.fr/2020/04/github-markdown-a-small-markdown-memo-for-a-goldfish-memory-with-buffer-full/","text/html; charset=UTF-8","200","OK","Indexable","","Github, Markdown – A small markdown memo for a “Goldfish Memory” with buffer full – @ Flaven.net","96","900","","","","","","Github, Markdown – A small markdown memo for a “Goldfish Memory” with buffer full","81","","0","","","","","","http://flaven.fr/2020/04/github-markdown-a-small-markdown-memo-for-a-goldfish-memory-with-buffer-full/","","","","","","","","","1","","21","6","0","6.060","160","146","0","","","","","","","","","","","","","","1.1","http://flaven.fr/2020/04/github-markdown-a-small-markdown-memo-for-a-goldfish-memory-with-buffer-full/","2021-12-09 15:14:00"
"http://flaven.fr/2018/06/","text/html; charset=UTF-8","200","OK","Indexable","","June 2018 – @ Flaven.net","24","234","","","","","","Month: June 2018","16","Node, Express, MySQL, CRUD – Create a Single Page Application with Node, EJS and MySQL","86","","","","","","","","","","","","","","","1","","102","99","0","100.000","132","123","0","","","","","","","","","","","","","","1.1","http://flaven.fr/2018/06/","2021-12-09 15:14:00"
"http://flaven.fr/2013/11/","text/html; charset=UTF-8","200","OK","Indexable","","November 2013 – @ Flaven.net","28","283","","","","","","Month: November 2013","20","Symfony2, PHP, Framework – Introduction à Symfony 2, les commandes essentielles pour créer et supprimer un Bundle","113","","","","","","","","","","","","","","","1","","102","99","0","100.000","150","128","0","","","","","","","","","","","","","","1.1","http://flaven.fr/2013/11/","2021-12-09 15:14:00"
"http://flaven.fr/2021/10/deploying-and-sharing-streamlit-application-with-heroku-and-streamlit/","text/html; charset=UTF-8","200","OK","Indexable","","Deploying and Sharing Streamlit Application with Heroku and Streamlit – @ Flaven.net","84","763","","","","","","Deploying and Sharing Streamlit Application with Heroku and Streamlit","69","","0","","","","","","http://flaven.fr/2021/10/deploying-and-sharing-streamlit-application-with-heroku-and-streamlit/","","","","","","","","","1","","157","99","0","100.000","160","144","0","","","","","","","","","","","","","","1.1","http://flaven.fr/2021/10/deploying-and-sharing-streamlit-application-with-heroku-and-streamlit/","2021-12-09 15:14:00"
"http://flaven.fr/2015/02/","text/html; charset=UTF-8","200","OK","Indexable","","February 2015 – @ Flaven.net","28","271","","","","","","Month: February 2015","20","Grunt, Less, Automate, Mean, Lean – Découvrir le potentiel de Grunt","67","","","","","","","","","","","","","","","1","","102","99","0","100.000","132","123","0","","","","","","","","","","","","","","1.1","http://flaven.fr/2015/02/","2021-12-09 15:14:01"
"http://flaven.fr/2021/01/","text/html; charset=UTF-8","200","OK","Indexable","","January 2021 – @ Flaven.net","27","262","","","","","","Month: January 2021","19","Fake News Detection in Python using Natural language processing – Can applied computing help a journalist in automatic fact-checking?","133","","","","","","","","","","","","","","","1","","102","99","0","100.000","138","124","0","","","","","","","","","","","","","","1.1","http://flaven.fr/2021/01/","2021-12-09 15:14:01"
"http://flaven.fr/2017/01/","text/html; charset=UTF-8","200","OK","Indexable","","January 2017 – @ Flaven.net","27","262","","","","","","Month: January 2017","19","D3 – Représentation avec D3 d’un réseau avec le gouvernement Trump comme exemple","80","","","","","","","","","","","","","","","1","","102","99","0","100.000","132","123","0","","","","","","","","","","","","","","1.1","http://flaven.fr/2017/01/","2021-12-09 15:14:01"
"http://flaven.fr/2020/10/python-randomization-e2e-its-all-about-random-and-some-good-reasons-to-learn-and-leverage-on-python/","text/html; charset=UTF-8","200","OK","Indexable","","Python, Randomization, E2E – it’s all about Random and some good reasons to learn and leverage on Python – @ Flaven.net","119","1115","","","","","","Python, Randomization, E2E – it’s all about Random and some good reasons to learn and leverage on Python","104","","0","","","","","","http://flaven.fr/2020/10/python-randomization-e2e-its-all-about-random-and-some-good-reasons-to-learn-and-leverage-on-python/","","","","","","","","","1","","21","6","0","6.060","174","160","0","","","","","","","","","","","","","","1.1","http://flaven.fr/2020/10/python-randomization-e2e-its-all-about-random-and-some-good-reasons-to-learn-and-leverage-on-python/","2021-12-09 15:14:01"
"http://flaven.fr/2021/01/web-scraping-beautifulsoup-selenium-various-explorations-in-web-scraping-with-python-and-jumping-timidly-in-surveillance-capitalism/","text/html; charset=UTF-8","200","OK","Indexable","","Web scraping, Beautifulsoup, Selenium – Various explorations in web scraping with Python and jumping timidly in surveillance capitalism – @ Flaven.net","150","1345","","","","","","Web scraping, Beautifulsoup, Selenium – Various explorations in web scraping with Python and jumping timidly in surveillance capitalism","135","","0","","","","","","http://flaven.fr/2021/01/web-scraping-beautifulsoup-selenium-various-explorations-in-web-scraping-with-python-and-jumping-timidly-in-surveillance-capitalism/","","","","","","","","","1","","21","6","0","6.060","176","162","0","","","","","","","","","","","","","","1.1","http://flaven.fr/2021/01/web-scraping-beautifulsoup-selenium-various-explorations-in-web-scraping-with-python-and-jumping-timidly-in-surveillance-capitalism/","2021-12-09 15:14:01"
"http://flaven.fr/2013/07/","text/html; charset=UTF-8","200","OK","Indexable","","July 2013 – @ Flaven.net","24","226","","","","","","Month: July 2013","16","MapBox, Google Map, API – Présentation d’une des m…","51","","","","","","","","","","","","","","","1","","102","99","0","100.000","159","131","0","","","","","","","","","","","","","","1.1","http://flaven.fr/2013/07/","2021-12-09 15:14:02"
"http://flaven.fr/videos/","text/html; charset=UTF-8","200","OK","Indexable","","Videos – @ Flaven.net","21","201","","","","","","Part 5 – All-in-one on deploying your Streamlit application on Streamlit’s platform","83","Part 4 – Connect to Heroku with Heroku CLI & deploy your Streamlit application","78","","","","","","","","","","","","","","","1","","102","99","0","100.000","208","143","0","","","","","","","","","","","","","","1.1","http://flaven.fr/videos/","2021-12-09 15:14:01"
"http://flaven.fr/category/ai/","text/html; charset=UTF-8","200","OK","Indexable","","AI – @ Flaven.net","17","160","","","","","","Category: AI","12","Extending Streamlit usage to create data science applications and other type of applications","92","","","","","","","","","","","","","","","1","","38","17","0","17.170","168","126","0","","","","","","","","","","","","","","1.1","http://flaven.fr/category/ai/","2021-12-09 15:14:02"
"http://flaven.fr/2014/03/","text/html; charset=UTF-8","200","OK","Indexable","","March 2014 – @ Flaven.net","25","247","","","","","","Month: March 2014","17","Twig, WordPress, Timber – Timber, une manière astucieuse d’utiliser Twig dans WordPress","87","","","","","","","","","","","","","","","1","","102","99","0","100.000","132","123","0","","","","","","","","","","","","","","1.1","http://flaven.fr/2014/03/","2021-12-09 15:14:02"
"http://flaven.fr/2021/05/exploring-streamlit-or-dash-to-build-specific-interactive-web-applications/","text/html; charset=UTF-8","200","OK","Indexable","","Exploring Streamlit or Dash to build specific Interactive Web Applications – @ Flaven.net","89","784","","","","","","Exploring Streamlit or Dash to build specific Interactive Web Applications","74","","0","","","","","","http://flaven.fr/2021/05/exploring-streamlit-or-dash-to-build-specific-interactive-web-applications/","","","","","","","","","1","","163","99","0","100.000","172","155","0","","","","","","","","","","","","","","1.1","http://flaven.fr/2021/05/exploring-streamlit-or-dash-to-build-specific-interactive-web-applications/","2021-12-09 15:14:02"
"http://flaven.fr/publications/","text/html; charset=UTF-8","200","OK","Indexable","","Publications – @ Flaven.net","27","247","","","","","","Publications","12","","0","","","","","","http://flaven.fr/publications/","","","","","","","","","1","","103","99","0","100.000","129","124","0","","","","","","","","","","","","","","1.1","http://flaven.fr/publications/","2021-12-09 15:14:02"
"http://flaven.fr/2018/05/","text/html; charset=UTF-8","200","OK","Indexable","","May 2018 – @ Flaven.net","23","229","","","","","","Month: May 2018","15","Node, API, Postman – Build a simple but complete REST API with Node, tested with Chai and Newman, documented with Apidoc","120","","","","","","","","","","","","","","","1","","102","99","0","100.000","132","123","0","","","","","","","","","","","","","","1.1","http://flaven.fr/2018/05/","2021-12-09 15:14:02"
"http://flaven.fr/2016/06/","text/html; charset=UTF-8","200","OK","Indexable","","June 2016 – @ Flaven.net","24","234","","","","","","Month: June 2016","16","Bonnes pratiques, Android – Un résumé des bonnes pratiques pour le développement d’application mobile sous Android","114","","","","","","","","","","","","","","","1","","102","99","0","100.000","138","124","0","","","","","","","","","","","","","","1.1","http://flaven.fr/2016/06/","2021-12-09 15:14:02"
"http://flaven.fr/2015/03/","text/html; charset=UTF-8","200","OK","Indexable","","March 2015 – @ Flaven.net","25","247","","","","","","Month: March 2015","17","Youtube, API – Requêter l’API youtube d’une playlist","52","","","","","","","","","","","","","","","1","","102","99","0","100.000","132","123","0","","","","","","","","","","","","","","1.1","http://flaven.fr/2015/03/","2021-12-09 15:14:03"
"http://flaven.fr/2019/01/","text/html; charset=UTF-8","200","OK","Indexable","","January 2019 – @ Flaven.net","27","262","","","","","","Month: January 2019","19","Deeplinks, iOS, Android, QR code – Operational testing on Universal Links Deeplinks in Android or iOS applications with QR code","127","","","","","","","","","","","","","","","1","","102","99","0","100.000","132","123","0","","","","","","","","","","","","","","1.1","http://flaven.fr/2019/01/","2021-12-09 15:14:03"
"http://flaven.fr/2013/10/","text/html; charset=UTF-8","200","OK","Indexable","","October 2013 – @ Flaven.net","27","263","","","","","","Month: October 2013","19","Performance, Web, API – Les bonnes pratiques pour optimiser les performances d’un site ou d’une webapp","102","","","","","","","","","","","","","","","1","","102","99","0","100.000","162","131","0","","","","","","","","","","","","","","1.1","http://flaven.fr/2013/10/","2021-12-09 15:14:03"
"http://flaven.fr/2013/06/","text/html; charset=UTF-8","200","OK","Indexable","","June 2013 – @ Flaven.net","24","234","","","","","","Month: June 2013","16","Last but no least, un thème WordPress jQuery forgé…","51","","","","","","","","","","","","","","","1","","102","99","0","100.000","172","132","0","","","","","","","","","","","","","","1.1","http://flaven.fr/2013/06/","2021-12-09 15:14:03"
"http://flaven.fr/2020/09/quick-overview-about-using-nlp-for-a-cms-customer-support-faqs-turn-to-a-chatbot-or-cms-editorial-features-for-journalist-keywords-extraction-using-spacy-rake-tensorflow-pytorch/","text/html; charset=UTF-8","200","OK","Indexable","","Quick overview about using NLP for a CMS Customer Support (FAQs turn to a Chatbot) or CMS editorial features for Journalist (Keywords Extraction) using spaCy, Rake, TensorFlow, Pytorch – @ Flaven.net","199","1842","","","","","","Quick overview about using NLP for a CMS Customer Support (FAQs turn to a Chatbot) or CMS editorial features for Journalist (Keywords Extraction) using spaCy, Rake, TensorFlow, Pytorch","184","","0","","","","","","http://flaven.fr/2020/09/quick-overview-about-using-nlp-for-a-cms-customer-support-faqs-turn-to-a-chatbot-or-cms-editorial-features-for-journalist-keywords-extraction-using-spacy-rake-tensorflow-pytorch/","","","","","","","","","1","","26","7","0","7.070","189","175","0","","","","","","","","","","","","","","1.1","http://flaven.fr/2020/09/quick-overview-about-using-nlp-for-a-cms-customer-support-faqs-turn-to-a-chatbot-or-cms-editorial-features-for-journalist-keywords-extraction-using-spacy-rake-tensorflow-pytorch/","2021-12-09 15:14:03"
"http://flaven.fr/2016/07/","text/html; charset=UTF-8","200","OK","Indexable","","July 2016 – @ Flaven.net","24","226","","","","","","Month: July 2016","16","Géolocalisation, pays, latitude, longitude – Découvrir leaflet.js pour placer des marqueurs sur une carte avec les coordonnés de chaque pays","140","","","","","","","","","","","","","","","1","","102","99","0","100.000","132","123","0","","","","","","","","","","","","","","1.1","http://flaven.fr/2016/07/","2021-12-09 15:14:03"
"http://flaven.fr/2014/02/","text/html; charset=UTF-8","200","OK","Indexable","","February 2014 – @ Flaven.net","28","271","","","","","","Month: February 2014","20","Drupal, WordPress, Migration – Migrer de Drupal à WordPress","59","","","","","","","","","","","","","","","1","","102","99","0","100.000","132","123","0","","","","","","","","","","","","","","1.1","http://flaven.fr/2014/02/","2021-12-09 15:14:03"
"http://flaven.fr/les-citations/","text/html; charset=iso-8859-1","301","Moved Permanently","Non-Indexable","Redirected","","0","0","","","","","","","0","","0","","","","","","","","","","","","","","","1","","99","99","0","100.000","0","0","0","","","","","","","","","","","http://flaven.fr/quotes","HTTP Redirect","","1.1","http://flaven.fr/les-citations/","2021-12-09 15:14:04"
"http://flaven.fr/2012/09/","text/html; charset=UTF-8","200","OK","Indexable","","September 2012 – @ Flaven.net","29","289","","","","","","Month: September 2012","21","Vidéo interactive en HTML5, une expérience de shopping en ligne avec 3WDOC","74","","","","","","","","","","","","","","","1","","102","99","0","100.000","184","138","0","","","","","","","","","","","","","","1.1","http://flaven.fr/2012/09/","2021-12-09 15:14:03"
"http://flaven.fr/2020/09/","text/html; charset=UTF-8","200","OK","Indexable","","September 2020 – @ Flaven.net","29","289","","","","","","Month: September 2020","21","Quick overview about using NLP for a CMS Customer Support (FAQs turn to a Chatbot) or CMS editorial features for Journalist (Keywords Extraction) using spaCy, Rake, TensorFlow, Pytorch","184","","","","","","","","","","","","","","","1","","102","99","0","100.000","132","123","0","","","","","","","","","","","","","","1.1","http://flaven.fr/2020/09/","2021-12-09 15:14:04"
"http://flaven.fr/2018/12/","text/html; charset=UTF-8","200","OK","Indexable","","December 2018 – @ Flaven.net","28","283","","","","","","Month: December 2018","20","ClaimReview, Fact Check – Using ClaimReview structured data element to Fact Check articles and build a WordPress plugin for it","126","","","","","","","","","","","","","","","1","","102","99","0","100.000","138","124","0","","","","","","","","","","","","","","1.1","http://flaven.fr/2018/12/","2021-12-09 15:14:04"
"http://flaven.fr/2021/03/","text/html; charset=UTF-8","200","OK","Indexable","","March 2021 – @ Flaven.net","25","247","","","","","","Month: March 2021","17","Doing more effective work and less coding, videos retrieving’s dilemma fixed with a 2 hours WP plugin work.","107","","","","","","","","","","","","","","","1","","102","99","0","100.000","138","125","0","","","","","","","","","","","","","","1.1","http://flaven.fr/2021/03/","2021-12-09 15:14:04"
"http://flaven.fr/2019/01/deeplinks-ios-android-qr-code-operational-testing-on-universal-links-deeplinks-in-android-or-ios-applications-with-qr-code/","text/html; charset=UTF-8","200","OK","Indexable","","Deeplinks, iOS, Android, QR code – Operational testing on Universal Links Deeplinks in Android or iOS applications with QR code – @ Flaven.net","142","1287","","","","","","Deeplinks, iOS, Android, QR code – Operational testing on Universal Links Deeplinks in Android or iOS applications with QR code","127","","0","","","","","","http://flaven.fr/2019/01/deeplinks-ios-android-qr-code-operational-testing-on-universal-links-deeplinks-in-android-or-ios-applications-with-qr-code/","","","","","","","","","1","","25","6","0","6.060","161","147","0","","","","","","","","","","","","","","1.1","http://flaven.fr/2019/01/deeplinks-ios-android-qr-code-operational-testing-on-universal-links-deeplinks-in-android-or-ios-applications-with-qr-code/","2021-12-09 15:14:04"
"http://flaven.fr/2013/05/","text/html; charset=UTF-8","200","OK","Indexable","","May 2013 – @ Flaven.net","23","229","","","","","","Month: May 2013","15","3WDOC, Node, Javascript – Une expérience de développement mixant 3WDOC et Node.js pour un service à valeur ajoutée","114","","","","","","","","","","","","","","","1","","102","99","0","100.000","195","138","0","","","","","","","","","","","","","","1.1","http://flaven.fr/2013/05/","2021-12-09 15:14:04"
"http://flaven.fr/2014/01/","text/html; charset=UTF-8","200","OK","Indexable","","January 2014 – @ Flaven.net","27","262","","","","","","Month: January 2014","19","MongoDB, NoSQL, BigData – Comprendre le phénomène NoSQL en découvrant un peu MongoDB","84","","","","","","","","","","","","","","","1","","102","99","0","100.000","138","124","0","","","","","","","","","","","","","","1.1","http://flaven.fr/2014/01/","2021-12-09 15:14:04"
"http://flaven.fr/2014/09/","text/html; charset=UTF-8","200","OK","Indexable","","September 2014 – @ Flaven.net","29","289","","","","","","Month: September 2014","21","Chinois, Simplifié, Traditionnel – Intégrer un affichage simplifié et traditionnel en php","89","","","","","","","","","","","","","","","1","","102","99","0","100.000","132","123","0","","","","","","","","","","","","","","1.1","http://flaven.fr/2014/09/","2021-12-09 15:14:04"
"http://flaven.fr/2018/07/","text/html; charset=UTF-8","200","OK","Indexable","","July 2018 – @ Flaven.net","24","226","","","","","","Month: July 2018","16","Laravel, Dusk – Build a web application with Laravel and test it with Dusk","74","","","","","","","","","","","","","","","1","","102","99","0","100.000","132","123","0","","","","","","","","","","","","","","1.1","http://flaven.fr/2018/07/","2021-12-09 15:14:04"
"http://flaven.fr/2016/12/","text/html; charset=UTF-8","200","OK","Indexable","","December 2016 – @ Flaven.net","28","283","","","","","","Month: December 2016","20","ELK, elasticsearch, logstash, kibana – Exemples de data analysis à l’aide de ELK","80","","","","","","","","","","","","","","","1","","102","99","0","100.000","132","123","0","","","","","","","","","","","","","","1.1","http://flaven.fr/2016/12/","2021-12-09 15:14:04"
