﻿"Address","Content Type","Status Code","Status","Indexability","Indexability Status","Title 1","Title 1 Length","Title 1 Pixel Width","Meta Description 1","Meta Description 1 Length","Meta Description 1 Pixel Width","Meta Keywords 1","Meta Keywords 1 Length","H1-1","H1-1 Length","H1-2","H1-2 Length","H2-1","H2-1 Length","Meta Robots 1","X-Robots-Tag 1","Meta Refresh 1","Canonical Link Element 1","rel=""next"" 1","rel=""prev"" 1","HTTP rel=""next"" 1","HTTP rel=""prev"" 1","amphtml Link Element","Size (bytes)","Word Count","Text Ratio","Crawl Depth","Link Score","Inlinks","Unique Inlinks","Unique JS Inlinks","% of Total","Outlinks","Unique Outlinks","Unique JS Outlinks","External Outlinks","Unique External Outlinks","Unique External JS Outlinks","Closest Similarity Match","No. Near Duplicates","Spelling Errors","Grammar Errors","Hash","Response Time","Last Modified","Redirect URL","Redirect Type","Cookies","HTTP Version","URL Encoded Address","Crawl Timestamp"
"https://www.rfi.fr/fr/","text/html; charset=UTF-8","200","OK","Indexable","","RFI - Actualités, info, news en direct - Radio France Internationale","68","587","","","","","","RFI - Actualités, info, news en direct - Radio France Internationale","68","","0","","","","","","https://www.rfi.fr/fr/","","","","","","","","","0","","596","98","0","100.000","153","130","0","","","","","","","","","","","","","","1.1","https://www.rfi.fr/fr/","2021-12-09 15:35:40"
"https://www.rfi.fr/fr/podcasts/journal-français-facile","text/html; charset=UTF-8","301","Moved Permanently","Non-Indexable","Redirected","","0","0","","","","","","","0","","0","","","","","","","","","","","","","","","1","","84","84","0","85.710","0","0","0","","","","","","","","","","","https://www.rfi.fr/fr/podcasts/journal-français-facile/","HTTP Redirect","","1.1","https://www.rfi.fr/fr/podcasts/journal-fran%C3%A7ais-facile","2021-12-09 15:35:43"
"https://www.rfi.fr/fr/en-bref/20211209-irak-la-coalition-anti-ei-a-achevé-sa-mission-de-combat-haut-responsable-irakien","text/html; charset=UTF-8","200","OK","Indexable","","Irak: la coalition anti-EI a achevé sa «mission de combat» (haut responsable irakien) - RFI","91","800","","","","","","Irak: la coalition anti-EI a achevé sa «mission de combat» (haut responsable irakien)","85","","0","","","","","","https://www.rfi.fr/fr/en-bref/20211209-irak-la-coalition-anti-ei-a-achevé-sa-mission-de-combat-haut-responsable-irakien","","","","","","","","","1","","7","3","0","3.060","65","52","0","","","","","","","","","","","","","","1.1","https://www.rfi.fr/fr/en-bref/20211209-irak-la-coalition-anti-ei-a-achev%C3%A9-sa-mission-de-combat-haut-responsable-irakien","2021-12-09 15:35:43"
"https://www.rfi.fr/fr/direct-monde","text/html; charset=UTF-8","200","OK","Indexable","","Écouter RFI Monde en direct - RFI","33","308","","","","","","Écouter RFI Monde en direct","27","","0","","","","","","https://www.rfi.fr/fr/direct-monde","","","","","","","","","1","","89","84","0","85.710","71","52","0","","","","","","","","","","","","","","1.1","https://www.rfi.fr/fr/direct-monde","2021-12-09 15:35:43"
"https://www.rfi.fr/fr/france/20211209-présidentielle-2022-hidalgo-et-montebourg-appellent-à-l-union-de-la-gauche","text/html; charset=UTF-8","200","OK","Indexable","","Présidentielle 2022: Hidalgo et Montebourg appellent à l'union de la gauche","75","667","","","","","","Présidentielle 2022: Hidalgo et Montebourg appellent à l'union de la gauche","75","","0","","","","","","https://www.rfi.fr/fr/france/20211209-présidentielle-2022-hidalgo-et-montebourg-appellent-à-l-union-de-la-gauche","","","","","","","","","1","","12","5","0","5.100","88","69","0","","","","","","","","","","","","","","1.1","https://www.rfi.fr/fr/france/20211209-pr%C3%A9sidentielle-2022-hidalgo-et-montebourg-appellent-%C3%A0-l-union-de-la-gauche","2021-12-09 15:35:43"
"https://www.rfi.fr/fr/en-bref/20211209-la-démocratie-dans-le-monde-confrontée-à-des-défis-importants-et-inquiétants-selon-joe-biden","text/html; charset=UTF-8","200","OK","Indexable","","La démocratie dans le monde confrontée à «des défis importants et inquiétants» selon Joe Biden - RFI","100","913","","","","","","La démocratie dans le monde confrontée à «des défis importants et inquiétants» selon Joe Biden","94","","0","","","","","","https://www.rfi.fr/fr/en-bref/20211209-la-démocratie-dans-le-monde-confrontée-à-des-défis-importants-et-inquiétants-selon-joe-biden","","","","","","","","","1","","7","3","0","3.060","65","52","0","","","","","","","","","","","","","","1.1","https://www.rfi.fr/fr/en-bref/20211209-la-d%C3%A9mocratie-dans-le-monde-confront%C3%A9e-%C3%A0-des-d%C3%A9fis-importants-et-inqui%C3%A9tants-selon-joe-biden","2021-12-09 15:35:44"
"https://www.rfi.fr/fr/afrique-foot/20211207-guinée-morgan-guilavogui-le-petit-nouveau-du-syli-national","text/html; charset=UTF-8","200","OK","Indexable","","Guinée: Morgan Guilavogui, le «petit nouveau» du Syli national","62","558","","","","","","Guinée: Morgan Guilavogui, le «petit nouveau» du Syli national","62","","0","","","","","","https://www.rfi.fr/fr/afrique-foot/20211207-guinée-morgan-guilavogui-le-petit-nouveau-du-syli-national","","","","","","","","","1","","15","7","0","7.140","87","68","0","","","","","","","","","","","","","","1.1","https://www.rfi.fr/fr/afrique-foot/20211207-guin%C3%A9e-morgan-guilavogui-le-petit-nouveau-du-syli-national","2021-12-09 15:35:43"
"https://www.rfi.fr/fr/asie-pacifique/20211209-hong-kong-jimmy-lai-condamné-pour-sa-participation-à-un-rassemblement-interdit","text/html; charset=UTF-8","200","OK","Indexable","","Hong Kong: Jimmy Lai condamné pour sa participation à un rassemblement interdit","79","740","","","","","","Hong Kong: Jimmy Lai condamné pour sa participation à un rassemblement interdit","79","","0","","","","","","https://www.rfi.fr/fr/asie-pacifique/20211209-hong-kong-jimmy-lai-condamné-pour-sa-participation-à-un-rassemblement-interdit","","","","","","","","","1","","11","4","0","4.080","86","68","0","","","","","","","","","","","","","","1.1","https://www.rfi.fr/fr/asie-pacifique/20211209-hong-kong-jimmy-lai-condamn%C3%A9-pour-sa-participation-%C3%A0-un-rassemblement-interdit","2021-12-09 15:35:43"
"https://www.rfi.fr/fr/journaux-afrique/","text/html; charset=UTF-8","200","OK","Indexable","","Tous les journaux de l'actualité en Afrique - Radio France Internationale - RFI","79","686","","","","","","Les journaux Afrique","20","","0","","","","","","https://www.rfi.fr/fr/journaux-afrique/","","","","","","","","","1","","90","84","0","85.710","66","51","0","","","","","","","","","","","","","","1.1","https://www.rfi.fr/fr/journaux-afrique/","2021-12-09 15:35:43"
"https://www.rfi.fr/fr/afrique/20211208-congo-hold-up-les-affaires-offshore-de-l-ancien-gouverneur-moïse-katumbi","text/html; charset=UTF-8","200","OK","Indexable","","Congo Hold-up: les affaires offshore de l’ancien gouverneur Moïse Katumbi","73","668","","","","","","Congo Hold-up: les affaires offshore de l’ancien gouverneur Moïse Katumbi","73","","0","","","","","","https://www.rfi.fr/fr/afrique/20211208-congo-hold-up-les-affaires-offshore-de-l-ancien-gouverneur-moïse-katumbi","","","","","","","","","1","","11","5","0","5.100","97","75","0","","","","","","","","","","","","","","1.1","https://www.rfi.fr/fr/afrique/20211208-congo-hold-up-les-affaires-offshore-de-l-ancien-gouverneur-mo%C3%AFse-katumbi","2021-12-09 15:35:43"
"https://www.rfi.fr/fr/amériques/20211208-à-la-une-l-augmentation-des-prix-du-carburant-en-haïti","text/html; charset=UTF-8","200","OK","Indexable","","À la Une: l’augmentation des prix du carburant en Haïti","55","487","","","","","","À la Une: l’augmentation des prix du carburant en Haïti","55","","0","","","","","","https://www.rfi.fr/fr/amériques/20211208-à-la-une-l-augmentation-des-prix-du-carburant-en-haïti","","","","","","","","","1","","12","5","0","5.100","86","68","0","","","","","","","","","","","","","","1.1","https://www.rfi.fr/fr/am%C3%A9riques/20211208-%C3%A0-la-une-l-augmentation-des-prix-du-carburant-en-ha%C3%AFti","2021-12-09 15:35:44"
"https://www.rfi.fr/fr/tag/communiqués-de-presse-rfi/","text/html; charset=UTF-8","200","OK","Indexable","","Communiqués de presse RFI : actualités, podcasts, vidéos et analyses - RFI","74","681","","","","","","Communiqués de presse RFI","25","","0","","","","","","https://www.rfi.fr/fr/tag/communiqués-de-presse-rfi/","","","","","","","","","1","","89","84","0","85.710","109","84","0","","","","","","","","","","","","","","1.1","https://www.rfi.fr/fr/tag/communiqu%C3%A9s-de-presse-rfi/","2021-12-09 15:35:44"
"https://www.rfi.fr/fr/économie/20211209-les-promoteurs-immobiliers-chinois-evergrande-et-kaisa-ont-fait-défaut-sur-leurs-emprunts-selon-fitch","text/html; charset=UTF-8","200","OK","Indexable","","Les promoteurs immobiliers chinois Evergrande et Kaisa ont fait défaut sur leurs emprunts, selon Fitch","102","910","","","","","","Les promoteurs immobiliers chinois Evergrande et Kaisa ont fait défaut sur leurs emprunts, selon Fitch","102","","0","","","","","","https://www.rfi.fr/fr/économie/20211209-les-promoteurs-immobiliers-chinois-evergrande-et-kaisa-ont-fait-défaut-sur-leurs-emprunts-selon-fitch","","","","","","","","","1","","10","3","0","3.060","87","69","0","","","","","","","","","","","","","","1.1","https://www.rfi.fr/fr/%C3%A9conomie/20211209-les-promoteurs-immobiliers-chinois-evergrande-et-kaisa-ont-fait-d%C3%A9faut-sur-leurs-emprunts-selon-fitch","2021-12-09 15:35:44"
"https://www.rfi.fr/fr/en-bref/20211209-le-promoteur-chinois-evergrande-a-fait-défaut-sur-un-paiement-signale-l-agence-de-notation-fitch","text/html; charset=UTF-8","200","OK","Indexable","","Le promoteur chinois Evergrande a fait «défaut» sur un paiement, signale l'agence de notation Fitch - RFI","105","938","","","","","","Le promoteur chinois Evergrande a fait «défaut» sur un paiement, signale l'agence de notation Fitch","99","","0","","","","","","https://www.rfi.fr/fr/en-bref/20211209-le-promoteur-chinois-evergrande-a-fait-défaut-sur-un-paiement-signale-l-agence-de-notation-fitch","","","","","","","","","1","","7","3","0","3.060","65","52","0","","","","","","","","","","","","","","1.1","https://www.rfi.fr/fr/en-bref/20211209-le-promoteur-chinois-evergrande-a-fait-d%C3%A9faut-sur-un-paiement-signale-l-agence-de-notation-fitch","2021-12-09 15:35:44"
"https://www.rfi.fr/fr/podcasts/grand-reportage/20211209-can-2021-bienvenue-chez-les-lions-carnet-de-route","text/html; charset=UTF-8","200","OK","Indexable","","CAN 2021: bienvenue chez les Lions, carnet de route - Grand reportage","69","641","","","","","","CAN 2021: bienvenue chez les Lions, carnet de route","51","","0","","","","","","https://www.rfi.fr/fr/podcasts/grand-reportage/20211209-can-2021-bienvenue-chez-les-lions-carnet-de-route","","","","","","","","","1","","18","11","0","11.220","82","63","0","","","","","","","","","","","","","","1.1","https://www.rfi.fr/fr/podcasts/grand-reportage/20211209-can-2021-bienvenue-chez-les-lions-carnet-de-route","2021-12-09 15:35:44"
"https://www.rfi.fr/ff/","text/html; charset=UTF-8","200","OK","Indexable","","Kabaruuji - Yeewtere waɗanaande sukaaɓe nanooɓe fulfulde - RFI Fulfulde","71","666","","","","","","","0","","0","","","","","","https://www.rfi.fr/ff/","","","","","","","","","1","","107","98","0","100.000","81","59","0","","","","","","","","","","","","","","1.1","https://www.rfi.fr/ff/","2021-12-09 15:35:44"
"https://www.rfi.fr/fr/podcasts/revue-de-presse-afrique/20211209-à-la-une-la-guerre-à-huis-clos-en-ethiopie","text/html; charset=UTF-8","200","OK","Indexable","","À la Une: la guerre à huis-clos en Ethiopie - Revue de presse Afrique","69","612","","","","","","À la Une: la guerre à huis-clos en Ethiopie","43","","0","","","","","","https://www.rfi.fr/fr/podcasts/revue-de-presse-afrique/20211209-à-la-une-la-guerre-à-huis-clos-en-ethiopie","","","","","","","","","1","","10","3","0","3.060","81","62","0","","","","","","","","","","","","","","1.1","https://www.rfi.fr/fr/podcasts/revue-de-presse-afrique/20211209-%C3%A0-la-une-la-guerre-%C3%A0-huis-clos-en-ethiopie","2021-12-09 15:35:44"
"https://www.rfi.fr/fr/podcasts/revue-de-presse-internationale/20211208-à-la-une-biden-poutine-une-visioconférence-et-peu-d-avancées","text/html; charset=UTF-8","200","OK","Indexable","","À la Une: Biden-Poutine, une visioconférence et peu d’avancées - Revue de presse internationale","95","864","","","","","","À la Une: Biden-Poutine, une visioconférence et peu d’avancées","62","","0","","","","","","https://www.rfi.fr/fr/podcasts/revue-de-presse-internationale/20211208-à-la-une-biden-poutine-une-visioconférence-et-peu-d-avancées","","","","","","","","","1","","10","3","0","3.060","84","65","0","","","","","","","","","","","","","","1.1","https://www.rfi.fr/fr/podcasts/revue-de-presse-internationale/20211208-%C3%A0-la-une-biden-poutine-une-visioconf%C3%A9rence-et-peu-d-avanc%C3%A9es","2021-12-09 15:35:44"
"https://www.rfi.fr/fr/stop-infox/","text/html; charset=UTF-8","200","OK","Indexable","","Stop l'infox avec RFI","21","183","","","","","","","0","","0","","","","","","https://www.rfi.fr/fr/stop-infox/","","","","","","","","","1","","173","84","0","85.710","76","61","0","","","","","","","","","","","","","","1.1","https://www.rfi.fr/fr/stop-infox/","2021-12-09 15:35:45"
"https://www.rfi.fr/fr/capter-rfi","text/html; charset=UTF-8","200","OK","Indexable","","Comment capter RFI ? - RFI","26","255","","","","","","Comment capter RFI ?","20","","0","","","","","","https://www.rfi.fr/fr/capter-rfi","","","","","","","","","1","","91","84","0","85.710","69","52","0","","","","","","","","","","","","","","1.1","https://www.rfi.fr/fr/capter-rfi","2021-12-09 15:35:45"
"https://www.rfi.fr/fr/interactif/","text/html; charset=UTF-8","200","OK","Indexable","","Webdocumentaires et Infographies - RFI","38","362","","","","","","Webdocumentaires et Infographies","32","","0","","","","","","https://www.rfi.fr/fr/interactif/","","","","","","","","","1","","90","84","0","85.710","76","55","0","","","","","","","","","","","","","","1.1","https://www.rfi.fr/fr/interactif/","2021-12-09 15:35:45"
"https://www.rfi.fr/fr/medias-partenaires/","text/html; charset=UTF-8","200","OK","Indexable","","RFI - L’Afrique vue par nos médias partenaires","46","416","","","","","","RFI - Actualités, info, news en direct - Radio France Internationale","68","L' Afrique vue par nos médias partenaires","41","","","","","","https://www.rfi.fr/fr/medias-partenaires/","","","","","","","","","1","","89","84","0","85.710","73","59","0","","","","","","","","","","","","","","1.1","https://www.rfi.fr/fr/medias-partenaires/","2021-12-09 15:35:45"
"https://www.rfi.fr/fr/europe/20211209-allemagne-olaf-scholz-attendu-à-paris-pour-sa-première-visite-officielle-à-l-étranger","text/html; charset=UTF-8","200","OK","Indexable","","Allemagne: Olaf Scholz attendu à Paris pour sa première visite officielle à l'étranger","86","740","","","","","","Allemagne: Olaf Scholz attendu à Paris pour sa première visite officielle à l'étranger","86","","0","","","","","","https://www.rfi.fr/fr/europe/20211209-allemagne-olaf-scholz-attendu-à-paris-pour-sa-première-visite-officielle-à-l-étranger","","","","","","","","","1","","16","9","0","9.180","89","70","0","","","","","","","","","","","","","","1.1","https://www.rfi.fr/fr/europe/20211209-allemagne-olaf-scholz-attendu-%C3%A0-paris-pour-sa-premi%C3%A8re-visite-officielle-%C3%A0-l-%C3%A9tranger","2021-12-09 15:35:45"
"https://www.rfi.fr/sw/","text/html; charset=UTF-8","200","OK","Indexable","","Masuala ya hivi sasa, habari moja kwa moja - Radio France Internationale - RFI","78","707","","","","","","","0","","0","","","","","","https://www.rfi.fr/sw/","","","","","","","","","1","","108","98","0","100.000","91","73","0","","","","","","","","","","","","","","1.1","https://www.rfi.fr/sw/","2021-12-09 15:35:45"
"https://www.rfi.fr/fr/podcasts/priorité-santé/20211209-la-leptospirose-et-les-maladies-transmises-par-les-rats","text/html; charset=UTF-8","200","OK","Indexable","","La Leptospirose et les maladies transmises par les rats - Priorité santé","72","627","","","","","","La Leptospirose et les maladies transmises par les rats","55","","0","","","","","","https://www.rfi.fr/fr/podcasts/priorité-santé/20211209-la-leptospirose-et-les-maladies-transmises-par-les-rats","","","","","","","","","1","","20","11","0","11.220","79","60","0","","","","","","","","","","","","","","1.1","https://www.rfi.fr/fr/podcasts/priorit%C3%A9-sant%C3%A9/20211209-la-leptospirose-et-les-maladies-transmises-par-les-rats","2021-12-09 15:35:45"
"https://www.rfi.fr/fr/en-bref/20211208-burkina-faso-le-premier-ministre-christophe-dabiré-et-son-gouvernement-démis-officiel","text/html; charset=UTF-8","200","OK","Indexable","","Burkina: le président met fin aux fonctions du Premier ministre Christophe Dabiré","81","719","","","","","","Burkina: le président met fin aux fonctions du Premier ministre Christophe Dabiré","81","","0","","","","","","https://www.rfi.fr/fr/en-bref/20211208-burkina-faso-le-premier-ministre-christophe-dabiré-et-son-gouvernement-démis-officiel","","","","","","","","","1","","9","3","0","3.060","84","67","0","","","","","","","","","","","","","","1.1","https://www.rfi.fr/fr/en-bref/20211208-burkina-faso-le-premier-ministre-christophe-dabir%C3%A9-et-son-gouvernement-d%C3%A9mis-officiel","2021-12-09 15:35:45"
"https://www.rfi.fr/fr/moyen-orient/","text/html; charset=UTF-8","200","OK","Indexable","","L'actualité économique et politique au Moyen Orient - RFI","57","511","","","","","","Moyen-Orient","12","","0","","","","","","https://www.rfi.fr/fr/moyen-orient/","","","","","","","","","1","","90","84","0","85.710","99","83","0","","","","","","","","","","","","","","1.1","https://www.rfi.fr/fr/moyen-orient/","2021-12-09 15:35:45"
"https://www.rfi.fr/fr/europe/20211209-ue-la-confiance-tranquille-de-bruxelles-face-au-nouveau-gouvernement-scholz","text/html; charset=UTF-8","200","OK","Indexable","","UE: la confiance tranquille de Bruxelles face au nouveau gouvernement Scholz","76","699","","","","","","UE: la confiance tranquille de Bruxelles face au nouveau gouvernement Scholz","76","","0","","","","","","https://www.rfi.fr/fr/europe/20211209-ue-la-confiance-tranquille-de-bruxelles-face-au-nouveau-gouvernement-scholz","","","","","","","","","1","","16","9","0","9.180","88","69","0","","","","","","","","","","","","","","1.1","https://www.rfi.fr/fr/europe/20211209-ue-la-confiance-tranquille-de-bruxelles-face-au-nouveau-gouvernement-scholz","2021-12-09 15:35:46"
"https://www.rfi.fr/fr/asie-pacifique/20211209-une-centaine-de-talibans-pakistanais-libérés-le-cessez-le-feu-prolongé","text/html; charset=UTF-8","200","OK","Indexable","","Une centaine de talibans pakistanais libérés, le cessez-le-feu prolongé","71","623","","","","","","Une centaine de talibans pakistanais libérés, le cessez-le-feu prolongé","71","","0","","","","","","https://www.rfi.fr/fr/asie-pacifique/20211209-une-centaine-de-talibans-pakistanais-libérés-le-cessez-le-feu-prolongé","","","","","","","","","1","","11","4","0","4.080","86","68","0","","","","","","","","","","","","","","1.1","https://www.rfi.fr/fr/asie-pacifique/20211209-une-centaine-de-talibans-pakistanais-lib%C3%A9r%C3%A9s-le-cessez-le-feu-prolong%C3%A9","2021-12-09 15:35:46"
"https://www.rfi.fr/fr/en-bref/20211209-france-l-ex-joueuse-de-tennis-amélie-mauresmo-nommée-directrice-du-tournoi-de-roland-garros","text/html; charset=UTF-8","200","OK","Indexable","","France: l'ex-joueuse de tennis Amélie Mauresmo nommée directrice du tournoi de Roland-Garros - RFI","98","915","","","","","","France: l'ex-joueuse de tennis Amélie Mauresmo nommée directrice du tournoi de Roland-Garros","92","","0","","","","","","https://www.rfi.fr/fr/en-bref/20211209-france-l-ex-joueuse-de-tennis-amélie-mauresmo-nommée-directrice-du-tournoi-de-roland-garros","","","","","","","","","1","","7","3","0","3.060","65","52","0","","","","","","","","","","","","","","1.1","https://www.rfi.fr/fr/en-bref/20211209-france-l-ex-joueuse-de-tennis-am%C3%A9lie-mauresmo-nomm%C3%A9e-directrice-du-tournoi-de-roland-garros","2021-12-09 15:35:45"
"https://www.rfi.fr/fr/podcasts/de-vive-s-voix/20211208-emission-enregistrée-au-musée-de-l-immigration-les-langues-africaines-en-france","text/html; charset=UTF-8","200","OK","Indexable","","Émission enregistrée au Musée de l’Immigration: les langues africaines en France - De vive(s) voix","98","876","","","","","","Émission enregistrée au Musée de l’Immigration: les langues africaines en France","80","","0","","","","","","https://www.rfi.fr/fr/podcasts/de-vive-s-voix/20211208-emission-enregistrée-au-musée-de-l-immigration-les-langues-africaines-en-france","","","","","","","","","1","","9","2","0","2.040","85","66","0","","","","","","","","","","","","","","1.1","https://www.rfi.fr/fr/podcasts/de-vive-s-voix/20211208-emission-enregistr%C3%A9e-au-mus%C3%A9e-de-l-immigration-les-langues-africaines-en-france","2021-12-09 15:35:46"
"https://www.rfi.fr/ru/","text/html; charset=UTF-8","200","OK","Indexable","","RFI - Новости в прямом эфире - международное французское радио","62","644","","","","","","RFI - Новости в прямом эфире - международное французское радио","62","","0","","","","","","https://www.rfi.fr/ru/","","","","","","","","","1","","108","98","0","100.000","93","73","0","","","","","","","","","","","","","","1.1","https://www.rfi.fr/ru/","2021-12-09 15:35:46"
"https://www.rfi.fr/fr/sciences/","text/html; charset=UTF-8","200","OK","Indexable","","L'actualité scientifique en direct - RFI","40","328","","","","","","Sciences","8","","0","","","","","","https://www.rfi.fr/fr/sciences/","","","","","","","","","1","","89","84","0","85.710","99","82","0","","","","","","","","","","","","","","1.1","https://www.rfi.fr/fr/sciences/","2021-12-09 15:35:44"
"https://www.rfi.fr/fr/afrique-foot/20211205-ligue-1-seko-fofana-un-eléphant-qui-monte-énormément","text/html; charset=UTF-8","200","OK","Indexable","","Ligue 1: Seko Fofana, un Éléphant qui monte énormément","54","521","","","","","","Ligue 1: Seko Fofana, un Éléphant qui monte énormément","54","","0","","","","","","https://www.rfi.fr/fr/afrique-foot/20211205-ligue-1-seko-fofana-un-eléphant-qui-monte-énormément","","","","","","","","","1","","13","5","0","5.100","85","67","0","","","","","","","","","","","","","","1.1","https://www.rfi.fr/fr/afrique-foot/20211205-ligue-1-seko-fofana-un-el%C3%A9phant-qui-monte-%C3%A9norm%C3%A9ment","2021-12-09 15:35:46"
"https://www.rfi.fr/fr/afrique-foot/","text/html; charset=UTF-8","200","OK","Indexable","","Afrique Foot : l'actualité du football africain - RFI","53","428","","","","","","Afrique Foot","12","","0","","","","","","https://www.rfi.fr/fr/afrique-foot/","","","","","","","","","1","","178","84","0","85.710","109","91","0","","","","","","","","","","","","","","1.1","https://www.rfi.fr/fr/afrique-foot/","2021-12-09 15:35:46"
"https://www.rfi.fr/ha/","text/html; charset=UTF-8","200","OK","Indexable","","Labarai, kai tsaye- Radio France Internationale - RFI","53","467","","","","","","","0","","0","","","","","","https://www.rfi.fr/ha/","","","","","","","","","1","","108","98","0","100.000","90","75","0","","","","","","","","","","","","","","1.1","https://www.rfi.fr/ha/","2021-12-09 15:35:46"
"https://www.rfi.fr/fr/europe/","text/html; charset=UTF-8","200","OK","Indexable","","L'actualité économique et politique en Europe - RFI","51","454","","","","","","Europe","6","","0","","","","","","https://www.rfi.fr/fr/europe/","","","","","","","","","1","","96","84","0","85.710","100","84","0","","","","","","","","","","","","","","1.1","https://www.rfi.fr/fr/europe/","2021-12-09 15:35:46"
"https://www.rfi.fr/fr/france/20211209-france-les-atteintes-au-principe-de-laïcité-plus-fréquentes-au-collège","text/html; charset=UTF-8","200","OK","Indexable","","France: les atteintes au principe de laïcité plus fréquentes au collège","71","609","","","","","","France: les atteintes au principe de laïcité plus fréquentes au collège","71","","0","","","","","","https://www.rfi.fr/fr/france/20211209-france-les-atteintes-au-principe-de-laïcité-plus-fréquentes-au-collège","","","","","","","","","1","","12","5","0","5.100","87","69","0","","","","","","","","","","","","","","1.1","https://www.rfi.fr/fr/france/20211209-france-les-atteintes-au-principe-de-la%C3%AFcit%C3%A9-plus-fr%C3%A9quentes-au-coll%C3%A8ge","2021-12-09 15:35:47"
"https://www.rfi.fr/fr/technologies/20211208-le-groupe-russe-wagner-à-la-manœuvre-sur-les-réseaux-sociaux","text/html; charset=UTF-8","200","OK","Indexable","","Le groupe russe Wagner à la manœuvre sur les réseaux sociaux","60","577","","","","","","Le groupe russe Wagner à la manœuvre sur les réseaux sociaux","60","","0","","","","","","https://www.rfi.fr/fr/technologies/20211208-le-groupe-russe-wagner-à-la-manœuvre-sur-les-réseaux-sociaux","","","","","","","","","1","","13","6","0","6.120","89","71","0","","","","","","","","","","","","","","1.1","https://www.rfi.fr/fr/technologies/20211208-le-groupe-russe-wagner-%C3%A0-la-man%C5%93uvre-sur-les-r%C3%A9seaux-sociaux","2021-12-09 15:35:47"
"https://www.rfi.fr/fr/podcasts/appels-sur-l-actualité/20211209-vos-réactions-comment-accompagner-le-retour-des-ex-combattants-de-boko-haram","text/html; charset=UTF-8","200","OK","Indexable","","[Vos réactions] Comment accompagner le retour des ex-combattants de Boko Haram ? - Appels sur l'actualité","105","978","","","","","","[Vos réactions] Comment accompagner le retour des ex-combattants de Boko Haram ?","80","","0","","","","","","https://www.rfi.fr/fr/podcasts/appels-sur-l-actualité/20211209-vos-réactions-comment-accompagner-le-retour-des-ex-combattants-de-boko-haram","","","","","","","","","1","","10","3","0","3.060","82","63","0","","","","","","","","","","","","","","1.1","https://www.rfi.fr/fr/podcasts/appels-sur-l-actualit%C3%A9/20211209-vos-r%C3%A9actions-comment-accompagner-le-retour-des-ex-combattants-de-boko-haram","2021-12-09 15:35:47"
"https://www.rfi.fr/cn/","text/html; charset=UTF-8","200","OK","Indexable","","法广 - 时事与新闻直播 - RFI - 法国国际广播电台","29","429","","","","","","法广 - 时事与新闻直播 - RFI - 法国国际广播电台","29","","0","","","","","","https://www.rfi.fr/cn/","","","","","","","","","1","","109","98","0","100.000","129","110","0","","","","","","","","","","","","","","1.1","https://www.rfi.fr/cn/","2021-12-09 15:35:47"
"https://www.rfi.fr/fr/france/20211209-france-les-prix-records-de-l-électricité-affolent-les-industriels","text/html; charset=UTF-8","200","OK","Indexable","","France: les prix records de l'électricité affolent les industriels","66","534","","","","","","France: les prix records de l'électricité affolent les industriels","66","","0","","","","","","https://www.rfi.fr/fr/france/20211209-france-les-prix-records-de-l-électricité-affolent-les-industriels","","","","","","","","","1","","12","5","0","5.100","86","68","0","","","","","","","","","","","","","","1.1","https://www.rfi.fr/fr/france/20211209-france-les-prix-records-de-l-%C3%A9lectricit%C3%A9-affolent-les-industriels","2021-12-09 15:35:47"
"https://www.rfi.fr/fr/moyen-orient/20211209-nucléaire-iranien-les-négociations-reprennent-à-vienne-dans-un-climat-de-pessimisme-ambiant","text/html; charset=UTF-8","200","OK","Indexable","","Nucléaire iranien: les négociations reprennent à Vienne dans un climat de pessimisme ambiant","92","840","","","","","","Nucléaire iranien: les négociations reprennent à Vienne dans un climat de pessimisme ambiant","92","","0","","","","","","https://www.rfi.fr/fr/moyen-orient/20211209-nucléaire-iranien-les-négociations-reprennent-à-vienne-dans-un-climat-de-pessimisme-ambiant","","","","","","","","","1","","10","3","0","3.060","89","71","0","","","","","","","","","","","","","","1.1","https://www.rfi.fr/fr/moyen-orient/20211209-nucl%C3%A9aire-iranien-les-n%C3%A9gociations-reprennent-%C3%A0-vienne-dans-un-climat-de-pessimisme-ambiant","2021-12-09 15:35:47"
"https://www.rfi.fr/fr/amériques/20211209-un-sommet-mondial-pour-la-démocratie-vue-par-les-états-unis-de-joe-biden","text/html; charset=UTF-8","200","OK","Indexable","","Un «sommet mondial» pour la démocratie… vue par les États-Unis de Joe Biden","75","716","","","","","","Un «sommet mondial» pour la démocratie… vue par les États-Unis de Joe Biden","75","","0","","","","","","https://www.rfi.fr/fr/amériques/20211209-un-sommet-mondial-pour-la-démocratie-vue-par-les-états-unis-de-joe-biden","","","","","","","","","1","","12","5","0","5.100","87","69","0","","","","","","","","","","","","","","1.1","https://www.rfi.fr/fr/am%C3%A9riques/20211209-un-sommet-mondial-pour-la-d%C3%A9mocratie-vue-par-les-%C3%A9tats-unis-de-joe-biden","2021-12-09 15:35:47"
"https://www.rfi.fr/fr/vidéos","text/html; charset=UTF-8","200","OK","Indexable","","Vidéos - RFI","12","111","","","","","","Vidéos","6","","0","","","","","","https://www.rfi.fr/fr/vidéos","","","","","","","","","1","","89","84","0","85.710","68","53","0","","","","","","","","","","","","","","1.1","https://www.rfi.fr/fr/vid%C3%A9os","2021-12-09 15:35:47"
"https://www.rfi.fr/fr/europe/20211209-italie-amazon-condamné-à-une-amende-d-un-milliard-d-euros-pour-abus-de-position-dominante","text/html; charset=UTF-8","200","OK","Indexable","","Italie: Amazon condamné à une amende d'un milliard d'euros pour «abus de position dominante»","92","860","","","","","","Italie: Amazon condamné à une amende d'un milliard d'euros pour «abus de position dominante»","92","","0","","","","","","https://www.rfi.fr/fr/europe/20211209-italie-amazon-condamné-à-une-amende-d-un-milliard-d-euros-pour-abus-de-position-dominante","","","","","","","","","1","","16","9","0","9.180","86","68","0","","","","","","","","","","","","","","1.1","https://www.rfi.fr/fr/europe/20211209-italie-amazon-condamn%C3%A9-%C3%A0-une-amende-d-un-milliard-d-euros-pour-abus-de-position-dominante","2021-12-09 15:35:47"
"https://www.rfi.fr/es/","text/html; charset=UTF-8","200","OK","Indexable","","RFI - Noticias del mundo en directo - Radio Francia Internacional","65","576","","","","","","RFI - Noticias del mundo en directo - Radio Francia Internacional","65","","0","","","","","","https://www.rfi.fr/es/","","","","","","","","","1","","108","98","0","100.000","105","90","0","","","","","","","","","","","","","","1.1","https://www.rfi.fr/es/","2021-12-09 15:35:48"
"https://www.rfi.fr/fr/les-plus-lus","text/html; charset=UTF-8","200","OK","Indexable","","Les plus lus : actualité internationale en continu - RFI","56","471","","","","","","Les plus lus","12","","0","","","","","","https://www.rfi.fr/fr/les-plus-lus","","","","","","","","","1","","92","84","0","85.710","79","63","0","","","","","","","","","","","","","","1.1","https://www.rfi.fr/fr/les-plus-lus","2021-12-09 15:35:48"
"https://www.rfi.fr/fr/podcasts/aujourd-hui-l-économie/20211209-la-nouvelle-calédonie-dans-le-piège-des-matières-premières","text/html; charset=UTF-8","200","OK","Indexable","","La Nouvelle-Calédonie dans le piège des matières premières - Aujourd'hui l'économie","83","756","","","","","","La Nouvelle-Calédonie dans le piège des matières premières","58","","0","","","","","","https://www.rfi.fr/fr/podcasts/aujourd-hui-l-économie/20211209-la-nouvelle-calédonie-dans-le-piège-des-matières-premières","","","","","","","","","1","","10","3","0","3.060","80","61","0","","","","","","","","","","","","","","1.1","https://www.rfi.fr/fr/podcasts/aujourd-hui-l-%C3%A9conomie/20211209-la-nouvelle-cal%C3%A9donie-dans-le-pi%C3%A8ge-des-mati%C3%A8res-premi%C3%A8res","2021-12-09 15:35:48"
"https://www.rfi.fr/fr/amériques/20211209-etats-unis-face-au-congrès-le-patron-d-instagram-tente-de-défendre-sa-plateforme","text/html; charset=UTF-8","200","OK","Indexable","","États-Unis: face au Congrès, le patron d'Instagram tente de défendre sa plateforme","82","744","","","","","","États-Unis: face au Congrès, le patron d'Instagram tente de défendre sa plateforme","82","","0","","","","","","https://www.rfi.fr/fr/amériques/20211209-etats-unis-face-au-congrès-le-patron-d-instagram-tente-de-défendre-sa-plateforme","","","","","","","","","1","","12","5","0","5.100","85","67","0","","","","","","","","","","","","","","1.1","https://www.rfi.fr/fr/am%C3%A9riques/20211209-etats-unis-face-au-congr%C3%A8s-le-patron-d-instagram-tente-de-d%C3%A9fendre-sa-plateforme","2021-12-09 15:35:48"
"https://www.rfi.fr/fr/journaux-monde/","text/html; charset=UTF-8","200","OK","Indexable","","Tous les journaux et Podcasts - Radio France Internationale - RFI","65","584","","","","","","Les journaux Monde","18","","0","","","","","","https://www.rfi.fr/fr/journaux-monde/","","","","","","","","","1","","89","84","0","85.710","66","51","0","","","","","","","","","","","","","","1.1","https://www.rfi.fr/fr/journaux-monde/","2021-12-09 15:35:48"
"https://www.rfi.fr/km/","text/html; charset=UTF-8","200","OK","Indexable","","ព័ត៌មានថ្មីៗពីប្រទេសកម្ពុជា និងជុំវិញពិភពលោក ជាមួយវិទ្យុបារាំងអន្តរជាតិ RFI ខេមរភាសា","84","661","","","","","","","0","","0","","","","","","https://www.rfi.fr/km/","","","","","","","","","1","","108","98","0","100.000","96","76","0","","","","","","","","","","","","","","1.1","https://www.rfi.fr/km/","2021-12-09 15:35:48"
"https://www.rfi.fr/tw/","text/html; charset=UTF-8","200","OK","Indexable","","法廣 - 時事與新聞直播 - RFI - 法國國際廣播電台","29","429","","","","","","法廣 - 時事與新聞直播 - RFI - 法國國際廣播電台","29","","0","","","","","","https://www.rfi.fr/tw/","","","","","","","","","1","","109","98","0","100.000","120","98","0","","","","","","","","","","","","","","1.1","https://www.rfi.fr/tw/","2021-12-09 15:35:48"
"https://www.rfi.fr/fr/afrique/20211209-conflit-en-éthiopie-le-premier-ministre-abyi-ahmed-annonce-son-retour-dans-la-capitale","text/html; charset=UTF-8","200","OK","Indexable","","Conflit en Éthiopie: le Premier ministre Abyi Ahmed annonce son retour dans la capitale","87","776","","","","","","Conflit en Éthiopie: le Premier ministre Abyi Ahmed annonce son retour dans la capitale","87","","0","","","","","","https://www.rfi.fr/fr/afrique/20211209-conflit-en-éthiopie-le-premier-ministre-abyi-ahmed-annonce-son-retour-dans-la-capitale","","","","","","","","","1","","15","7","0","7.140","85","67","0","","","","","","","","","","","","","","1.1","https://www.rfi.fr/fr/afrique/20211209-conflit-en-%C3%A9thiopie-le-premier-ministre-abyi-ahmed-annonce-son-retour-dans-la-capitale","2021-12-09 15:35:48"
"https://www.rfi.fr/fr/gestion-notifications","text/html; charset=UTF-8","200","OK","Indexable","","Gestion des notifications - RFI","31","269","","","","","","Gestion des notifications","25","","0","","","","","","https://www.rfi.fr/fr/gestion-notifications","","","","","","","","","1","","89","84","0","85.710","66","51","0","","","","","","","","","","","","","","1.1","https://www.rfi.fr/fr/gestion-notifications","2021-12-09 15:35:49"
"https://www.rfi.fr/fr/tag/voyage-découverte/","text/html; charset=UTF-8","200","OK","Indexable","","Voyage Découverte : actualités, podcasts, vidéos et analyses - RFI","66","596","","","","","","Voyage Découverte","17","","0","","","","","","https://www.rfi.fr/fr/tag/voyage-découverte/","","","","","","","","","1","","89","84","0","85.710","93","76","0","","","","","","","","","","","","","","1.1","https://www.rfi.fr/fr/tag/voyage-d%C3%A9couverte/","2021-12-09 15:35:48"
"https://www.rfi.fr/ma/","text/html; charset=UTF-8","200","OK","Indexable","","A ye RFI Mandenkan lamɛn ka ta ntɛnɛn fo juma nɛgɛkannyɛ 8 a nin a kanyɛ 12 Mandendugu waati la - RFI Mandenkan","111","1070","","","","","","","0","","0","","","","","","https://www.rfi.fr/ma/","","","","","","","","","1","","107","98","0","100.000","81","61","0","","","","","","","","","","","","","","1.1","https://www.rfi.fr/ma/","2021-12-09 15:35:49"
"https://www.rfi.fr/fr/direct-afrique","text/html; charset=UTF-8","200","OK","Indexable","","Écouter RFI Afrique en direct - RFI","35","310","","","","","","Écouter RFI Afrique en direct","29","","0","","","","","","https://www.rfi.fr/fr/direct-afrique","","","","","","","","","1","","89","84","0","85.710","72","51","0","","","","","","","","","","","","","","1.1","https://www.rfi.fr/fr/direct-afrique","2021-12-09 15:35:49"
"https://www.rfi.fr/fr/en-bref/","text/html; charset=UTF-8","200","OK","Indexable","","Retrouvez toute l'actualité internationale en continu - RFI","59","504","","","","","","L'info en continu","17","","0","","","","","","https://www.rfi.fr/fr/en-bref/","","","","","","","","","1","","6","2","0","2.040","86","72","0","","","","","","","","","","","","","","1.1","https://www.rfi.fr/fr/en-bref/","2021-12-09 15:35:49"
"https://www.rfi.fr/fr/technologies/20211209-les-français-victimes-d-arnaques-massives-via-leur-téléphone-mobile","text/html; charset=UTF-8","200","OK","Indexable","","Les Français victimes d'arnaques massives «via» leur téléphone mobile","69","634","","","","","","Les Français victimes d'arnaques massives «via» leur téléphone mobile","69","","0","","","","","","https://www.rfi.fr/fr/technologies/20211209-les-français-victimes-d-arnaques-massives-via-leur-téléphone-mobile","","","","","","","","","1","","12","5","0","5.100","86","68","0","","","","","","","","","","","","","","1.1","https://www.rfi.fr/fr/technologies/20211209-les-fran%C3%A7ais-victimes-d-arnaques-massives-via-leur-t%C3%A9l%C3%A9phone-mobile","2021-12-09 15:35:49"
"https://www.rfi.fr/fr/tag/congo-hold-up/","text/html; charset=UTF-8","200","OK","Indexable","","Congo Hold-up : actualités, podcasts, vidéos et analyses - RFI","62","554","","","","","","Congo Hold-up","13","","0","","","","","","https://www.rfi.fr/fr/tag/congo-hold-up/","","","","","","","","","1","","91","84","0","85.710","93","76","0","","","","","","","","","","","","","","1.1","https://www.rfi.fr/fr/tag/congo-hold-up/","2021-12-09 15:35:49"
"https://www.rfi.fr/fr/afrique/","text/html; charset=UTF-8","200","OK","Indexable","","L'actualité économique et politique en Afrique et au Maghreb en direct - RFI","76","672","","","","","","RFI - Actualités, info, news en direct - Radio France Internationale","68","Afrique","7","","","","","","https://www.rfi.fr/fr/afrique/","","","","","","","","","1","","179","84","0","85.710","143","118","0","","","","","","","","","","","","","","1.1","https://www.rfi.fr/fr/afrique/","2021-12-09 15:35:49"
"https://www.rfi.fr/fr/qui-sommes-nous","text/html; charset=UTF-8","200","OK","Indexable","","Qui sommes-nous ? - RFI","23","231","","","","","","Qui sommes-nous ?","17","","0","","","","","","https://www.rfi.fr/fr/qui-sommes-nous","","","","","","","","","1","","89","84","0","85.710","80","51","0","","","","","","","","","","","","","","1.1","https://www.rfi.fr/fr/qui-sommes-nous","2021-12-09 15:35:49"
"https://www.rfi.fr/fr/podcasts/7-milliards-de-voisins/20211209-des-projets-plein-la-tête-comment-les-faire-aboutir","text/html; charset=UTF-8","200","OK","Indexable","","Des projets plein la tête : comment les faire aboutir ? - 7 milliards de voisins","80","672","","","","","","Des projets plein la tête : comment les faire aboutir ?","55","","0","","","","","","https://www.rfi.fr/fr/podcasts/7-milliards-de-voisins/20211209-des-projets-plein-la-tête-comment-les-faire-aboutir","","","","","","","","","1","","10","3","0","3.060","80","61","0","","","","","","","","","","","","","","1.1","https://www.rfi.fr/fr/podcasts/7-milliards-de-voisins/20211209-des-projets-plein-la-t%C3%AAte-comment-les-faire-aboutir","2021-12-09 15:35:49"
"https://www.rfi.fr/fr/sports/20211208-ligue-des-champions-lille-s-offre-les-huitièmes-de-finale","text/html; charset=UTF-8","200","OK","Indexable","","Ligue des champions: Lille s'offre les huitièmes de finale","58","498","","","","","","Ligue des champions: Lille s'offre les huitièmes de finale","58","","0","","","","","","https://www.rfi.fr/fr/sports/20211208-ligue-des-champions-lille-s-offre-les-huitièmes-de-finale","","","","","","","","","1","","10","3","0","3.060","86","68","0","","","","","","","","","","","","","","1.1","https://www.rfi.fr/fr/sports/20211208-ligue-des-champions-lille-s-offre-les-huiti%C3%A8mes-de-finale","2021-12-09 15:35:49"
"https://www.rfi.fr/fr/connaissances/20211208-angela-merkel-une-fille-de-l-est-devenue-la-femme-politique-la-plus-puissante-du-monde","text/html; charset=UTF-8","200","OK","Indexable","","Angela Merkel, une fille de l'Est devenue la femme politique la plus puissante du monde","87","777","","","","","","Angela Merkel, une fille de l'Est devenue la femme politique la plus puissante du monde","87","","0","","","","","","https://www.rfi.fr/fr/connaissances/20211208-angela-merkel-une-fille-de-l-est-devenue-la-femme-politique-la-plus-puissante-du-monde","","","","","","","","","1","","9","2","0","2.040","97","80","0","","","","","","","","","","","","","","1.1","https://www.rfi.fr/fr/connaissances/20211208-angela-merkel-une-fille-de-l-est-devenue-la-femme-politique-la-plus-puissante-du-monde","2021-12-09 15:35:49"
"https://www.rfi.fr/fr/podcasts/invité-afrique/20211208-macky-sall-nous-ne-pouvons-pas-accepter-les-coups-d-état","text/html; charset=UTF-8","200","OK","Indexable","","Macky Sall: «Nous ne pouvons pas accepter les coups d’État» - Invité Afrique","76","689","","","","","","Macky Sall: «Nous ne pouvons pas accepter les coups d’État»","59","","0","","","","","","https://www.rfi.fr/fr/podcasts/invité-afrique/20211208-macky-sall-nous-ne-pouvons-pas-accepter-les-coups-d-état","","","","","","","","","1","","12","3","0","3.060","83","64","0","","","","","","","","","","","","","","1.1","https://www.rfi.fr/fr/podcasts/invit%C3%A9-afrique/20211208-macky-sall-nous-ne-pouvons-pas-accepter-les-coups-d-%C3%A9tat","2021-12-09 15:35:49"
"https://www.rfi.fr/fr/notre-sélection/","text/html; charset=UTF-8","200","OK","Indexable","","La sélection de la rédaction RFI","32","281","","","","","","Notre sélection","15","","0","","","","","","https://www.rfi.fr/fr/notre-sélection/","","","","","","","","","1","","6","2","0","2.040","101","76","0","","","","","","","","","","","","","","1.1","https://www.rfi.fr/fr/notre-s%C3%A9lection/","2021-12-09 15:35:49"
"https://www.rfi.fr/fr/tech/","text/html; charset=UTF-8","200","OK","Indexable","","Tech : information en direct, news et actu en continu - RFI","59","518","","","","","","Tech","4","","0","","","","","","https://www.rfi.fr/fr/tech/","","","","","","","","","1","","91","84","0","85.710","95","79","0","","","","","","","","","","","","","","1.1","https://www.rfi.fr/fr/tech/","2021-12-09 15:35:46"
"https://www.rfi.fr/fr/podcasts/revue-de-presse-française/20211209-à-la-une-présidentielle-la-gauche-à-la-traîne","text/html; charset=UTF-8","200","OK","Indexable","","À la Une: présidentielle, la gauche à la traîne… - Revue de presse française","76","675","","","","","","À la Une: présidentielle, la gauche à la traîne…","48","","0","","","","","","https://www.rfi.fr/fr/podcasts/revue-de-presse-française/20211209-à-la-une-présidentielle-la-gauche-à-la-traîne","","","","","","","","","1","","10","3","0","3.060","80","61","0","","","","","","","","","","","","","","1.1","https://www.rfi.fr/fr/podcasts/revue-de-presse-fran%C3%A7aise/20211209-%C3%A0-la-une-pr%C3%A9sidentielle-la-gauche-%C3%A0-la-tra%C3%AEne","2021-12-09 15:35:50"
"https://www.rfi.fr/fr/afrique/20211208-procès-apollo-21-à-madagascar-paul-rafanoharana-réfute-toute-accusation-d-assassinat","text/html; charset=UTF-8","200","OK","Indexable","","Procès «Apollo 21» à Madagascar: le principal accusé réfute toute accusation d'assassinat","89","805","","","","","","Procès «Apollo 21» à Madagascar: le principal accusé réfute toute accusation d'assassinat","89","","0","","","","","","https://www.rfi.fr/fr/afrique/20211208-procès-apollo-21-à-madagascar-paul-rafanoharana-réfute-toute-accusation-d-assassinat","","","","","","","","","1","","8","2","0","2.040","86","69","0","","","","","","","","","","","","","","1.1","https://www.rfi.fr/fr/afrique/20211208-proc%C3%A8s-apollo-21-%C3%A0-madagascar-paul-rafanoharana-r%C3%A9fute-toute-accusation-d-assassinat","2021-12-09 15:35:50"
"https://www.rfi.fr/fr/podcasts/journal-haïti-amériques","text/html; charset=UTF-8","301","Moved Permanently","Non-Indexable","Redirected","","0","0","","","","","","","0","","0","","","","","","","","","","","","","","","1","","84","84","0","85.710","0","0","0","","","","","","","","","","","https://www.rfi.fr/fr/podcasts/journal-haïti-amériques/","HTTP Redirect","","1.1","https://www.rfi.fr/fr/podcasts/journal-ha%C3%AFti-am%C3%A9riques","2021-12-09 15:35:50"
"https://www.rfi.fr/fr/sports/","text/html; charset=UTF-8","200","OK","Indexable","","Les dernières news et résultats sportifs en direct - RFI","56","483","","","","","","Sports","6","","0","","","","","","https://www.rfi.fr/fr/sports/","","","","","","","","","1","","90","84","0","85.710","103","87","0","","","","","","","","","","","","","","1.1","https://www.rfi.fr/fr/sports/","2021-12-09 15:35:50"
"https://www.rfi.fr/fr/tag/coronavirus/","text/html; charset=UTF-8","200","OK","Indexable","","Coronavirus : actualités, podcasts, vidéos et analyses - RFI","60","528","","","","","","Coronavirus","11","","0","","","","","","https://www.rfi.fr/fr/tag/coronavirus/","","","","","","","","","1","","89","84","0","85.710","109","84","0","","","","","","","","","","","","","","1.1","https://www.rfi.fr/fr/tag/coronavirus/","2021-12-09 15:35:50"
"https://www.rfi.fr/fr/europe/20211209-l-ue-veut-protéger-les-droits-sociaux-des-travailleurs-des-plateformes-comme-uber-ou-deliveroo","text/html; charset=UTF-8","200","OK","Indexable","","L’UE veut protéger les droits sociaux des travailleurs des plateformes comme Uber ou Deliveroo","94","853","","","","","","L’UE veut protéger les droits sociaux des travailleurs des plateformes comme Uber ou Deliveroo","94","","0","","","","","","https://www.rfi.fr/fr/europe/20211209-l-ue-veut-protéger-les-droits-sociaux-des-travailleurs-des-plateformes-comme-uber-ou-deliveroo","","","","","","","","","1","","16","9","0","9.180","89","71","0","","","","","","","","","","","","","","1.1","https://www.rfi.fr/fr/europe/20211209-l-ue-veut-prot%C3%A9ger-les-droits-sociaux-des-travailleurs-des-plateformes-comme-uber-ou-deliveroo","2021-12-09 15:35:50"
"https://www.rfi.fr/fr/europe/20211208-allemagne-olaf-scholz-succède-officiellement-à-angela-merkel","text/html; charset=UTF-8","200","OK","Indexable","","Allemagne: Olaf Scholz succède officiellement à Angela Merkel","61","559","","","","","","Allemagne: Olaf Scholz succède officiellement à Angela Merkel","61","","0","","","","","","https://www.rfi.fr/fr/europe/20211208-allemagne-olaf-scholz-succède-officiellement-à-angela-merkel","","","","","","","","","1","","19","11","0","11.220","87","69","0","","","","","","","","","","","","","","1.1","https://www.rfi.fr/fr/europe/20211208-allemagne-olaf-scholz-succ%C3%A8de-officiellement-%C3%A0-angela-merkel","2021-12-09 15:35:50"
"https://www.rfi.fr/fr/europe/20211209-espagne-la-tour-de-la-vierge-marie-de-la-sagrada-familia-inaugurée-à-barcelone","text/html; charset=UTF-8","200","OK","Indexable","","Espagne: la tour de la Vierge Marie de la Sagrada Familia inaugurée à Barcelone","79","719","","","","","","Espagne: la tour de la Vierge Marie de la Sagrada Familia inaugurée à Barcelone","79","","0","","","","","","https://www.rfi.fr/fr/europe/20211209-espagne-la-tour-de-la-vierge-marie-de-la-sagrada-familia-inaugurée-à-barcelone","","","","","","","","","1","","17","10","0","10.200","86","68","0","","","","","","","","","","","","","","1.1","https://www.rfi.fr/fr/europe/20211209-espagne-la-tour-de-la-vierge-marie-de-la-sagrada-familia-inaugur%C3%A9e-%C3%A0-barcelone","2021-12-09 15:35:50"
"https://www.rfi.fr/fr/grille-des-programmes-afrique","text/html; charset=UTF-8","200","OK","Indexable","","Grille des programmes Afrique RFI","33","310","","","","","","Grille des programmes","21","","0","","","","","","https://www.rfi.fr/fr/grille-des-programmes-afrique","","","","","","","","","1","","91","84","0","85.710","86","64","0","","","","","","","","","","","","","","1.1","https://www.rfi.fr/fr/grille-des-programmes-afrique","2021-12-09 15:35:51"
"https://www.rfi.fr/fr/podcasts/vous-m-en-direz-des-nouvelles/20211208-nicoletta-une-voix-et-une-touche-de-piano","text/html; charset=UTF-8","200","OK","Indexable","","Nicoletta, une voix et une touche de piano - Vous m'en direz des nouvelles","74","662","","","","","","Nicoletta, une voix et une touche de piano","42","","0","","","","","","https://www.rfi.fr/fr/podcasts/vous-m-en-direz-des-nouvelles/20211208-nicoletta-une-voix-et-une-touche-de-piano","","","","","","","","","1","","10","3","0","3.060","79","60","0","","","","","","","","","","","","","","1.1","https://www.rfi.fr/fr/podcasts/vous-m-en-direz-des-nouvelles/20211208-nicoletta-une-voix-et-une-touche-de-piano","2021-12-09 15:35:51"
"https://www.rfi.fr/fr/culture-médias/","text/html; charset=UTF-8","200","OK","Indexable","","L'actualité culturelle et artistique en direct - RFI","52","418","","","","","","Culture et médias","17","","0","","","","","","https://www.rfi.fr/fr/culture-médias/","","","","","","","","","1","","91","84","0","85.710","115","93","0","","","","","","","","","","","","","","1.1","https://www.rfi.fr/fr/culture-m%C3%A9dias/","2021-12-09 15:35:51"
"https://www.rfi.fr/fa/","text/html; charset=UTF-8","200","OK","Indexable","","اخبار و تازه های جهان بصورت زنده : رادیو بین المللی فرانسه - ار.اف.ای","69","558","","","","","","","0","","0","","","","","","https://www.rfi.fr/fa/","","","","","","","","","1","","106","98","0","100.000","99","85","0","","","","","","","","","","","","","","1.1","https://www.rfi.fr/fa/","2021-12-09 15:35:51"
"https://www.rfi.fr/fr/culture/20211209-la-disparition-une-bonne-nouvelle-sous-forme-de-média-épistolaire","text/html; charset=UTF-8","200","OK","Indexable","","«La Disparition», une bonne nouvelle sous forme de média épistolaire","68","618","","","","","","«La Disparition», une bonne nouvelle sous forme de média épistolaire","68","","0","","","","","","https://www.rfi.fr/fr/culture/20211209-la-disparition-une-bonne-nouvelle-sous-forme-de-média-épistolaire","","","","","","","","","1","","13","4","0","4.080","88","70","0","","","","","","","","","","","","","","1.1","https://www.rfi.fr/fr/culture/20211209-la-disparition-une-bonne-nouvelle-sous-forme-de-m%C3%A9dia-%C3%A9pistolaire","2021-12-09 15:35:51"
"https://www.rfi.fr/vi/","text/html; charset=UTF-8","200","OK","Indexable","","Thời sự, thông tin trực tiếp - Đài phát thanh quốc tế Pháp - RFI","64","558","","","","","","","0","","0","","","","","","https://www.rfi.fr/vi/","","","","","","","","","1","","108","98","0","100.000","95","77","0","","","","","","","","","","","","","","1.1","https://www.rfi.fr/vi/","2021-12-09 15:35:51"
"https://www.rfi.fr/fr/podcasts/radio-foot-internationale/20211208-ligue-des-champions-barcelone-au-pied-du-mur-bavarois","text/html; charset=UTF-8","200","OK","Indexable","","Ligue des Champions: Barcelone au pied du mur bavarois! - Radio Foot Internationale","83","763","","","","","","Ligue des Champions: Barcelone au pied du mur bavarois!","55","","0","","","","","","https://www.rfi.fr/fr/podcasts/radio-foot-internationale/20211208-ligue-des-champions-barcelone-au-pied-du-mur-bavarois","","","","","","","","","1","","12","5","0","5.100","81","61","0","","","","","","","","","","","","","","1.1","https://www.rfi.fr/fr/podcasts/radio-foot-internationale/20211208-ligue-des-champions-barcelone-au-pied-du-mur-bavarois","2021-12-09 15:35:52"
"https://www.rfi.fr/fr/grille-des-programmes-monde","text/html; charset=UTF-8","200","OK","Indexable","","Grille des programmes RFI","25","241","","","","","","Grille des programmes","21","","0","","","","","","https://www.rfi.fr/fr/grille-des-programmes-monde","","","","","","","","","1","","91","84","0","85.710","86","64","0","","","","","","","","","","","","","","1.1","https://www.rfi.fr/fr/grille-des-programmes-monde","2021-12-09 15:35:52"
"https://www.rfi.fr/fr/podcasts/","text/html; charset=UTF-8","200","OK","Indexable","","Programmes et podcasts de RFI","29","290","","","","","","Podcasts","8","","0","","","","","","https://www.rfi.fr/fr/podcasts/","","","","","","","","","1","","204","84","0","85.710","106","84","0","","","","","","","","","","","","","","1.1","https://www.rfi.fr/fr/podcasts/","2021-12-09 15:35:49"
"https://www.rfi.fr/fr/podcasts/radio-foot-internationale/20211204-épisode-4-les-géants-d-afrique","text/html; charset=UTF-8","200","OK","Indexable","","Épisode 4: les géants d’Afrique - Radio Foot Internationale","59","518","","","","","","Épisode 4: les géants d’Afrique","31","","0","","","","","","https://www.rfi.fr/fr/podcasts/radio-foot-internationale/20211204-épisode-4-les-géants-d-afrique","","","","","","","","","1","","10","2","0","2.040","99","74","0","","","","","","","","","","","","","","1.1","https://www.rfi.fr/fr/podcasts/radio-foot-internationale/20211204-%C3%A9pisode-4-les-g%C3%A9ants-d-afrique","2021-12-09 15:35:52"
"https://www.rfi.fr/en/","text/html; charset=UTF-8","200","OK","Indexable","","RFI - All the news from France, Europe, Africa and the rest of the world.","73","641","","","","","","","0","","0","","","","","","https://www.rfi.fr/en/","","","","","","","","","1","","108","98","0","100.000","92","77","0","","","","","","","","","","","","","","1.1","https://www.rfi.fr/en/","2021-12-09 15:35:52"
"https://www.rfi.fr/br/","text/html; charset=UTF-8","200","OK","Indexable","","Atualidades, notícias ao vivo - Rádio França Internacional - RFI","64","562","","","","","","","0","","0","","","","","","https://www.rfi.fr/br/","","","","","","","","","1","","108","98","0","100.000","97","79","0","","","","","","","","","","","","","","1.1","https://www.rfi.fr/br/","2021-12-09 15:35:51"
"https://www.rfi.fr/fr/contenu/20091023-rss","text/html; charset=UTF-8","200","OK","Indexable","","rss - RFI","9","78","","","","","","rss","3","","0","","","","","","https://www.rfi.fr/fr/contenu/20091023-rss","","","","","","","","","1","","89","84","0","85.710","82","67","0","","","","","","","","","","","","","","1.1","https://www.rfi.fr/fr/contenu/20091023-rss","2021-12-09 15:35:52"
"https://www.rfi.fr/pt/","text/html; charset=UTF-8","200","OK","Indexable","","RFI - Actualidade, informação, notícias em directo - Radio France Internationale","80","711","","","","","","","0","","0","","","","","","https://www.rfi.fr/pt/","","","","","","","","","1","","108","98","0","100.000","88","70","0","","","","","","","","","","","","","","1.1","https://www.rfi.fr/pt/","2021-12-09 15:35:52"
"https://www.rfi.fr/fr/applications","text/html; charset=UTF-8","200","OK","Indexable","","RFI sur mobile et tablette - RFI","32","276","","","","","","RFI sur mobile et tablette","26","","0","","","","","","https://www.rfi.fr/fr/applications","","","","","","","","","1","","92","84","0","85.710","66","51","0","","","","","","","","","","","","","","1.1","https://www.rfi.fr/fr/applications","2021-12-09 15:35:52"
"https://www.rfi.fr/fr/asie-pacifique/","text/html; charset=UTF-8","200","OK","Indexable","","L'actualité économique et politique en Asie et dans le Pacifique - RFI","70","608","","","","","","Asie et Pacifique","17","","0","","","","","","https://www.rfi.fr/fr/asie-pacifique/","","","","","","","","","1","","91","84","0","85.710","99","83","0","","","","","","","","","","","","","","1.1","https://www.rfi.fr/fr/asie-pacifique/","2021-12-09 15:35:47"
"https://www.rfi.fr/fr/en-bref/20211209-inde-les-agriculteurs-déclarent-mettre-fin-à-leur-mouvement-contre-la-réforme-agricole-de-modi","text/html; charset=UTF-8","200","OK","Indexable","","Inde: les agriculteurs déclarent mettre fin à leur mouvement contre la réforme agricole de Modi - RFI","101","893","","","","","","Inde: les agriculteurs déclarent mettre fin à leur mouvement contre la réforme agricole de Modi","95","","0","","","","","","https://www.rfi.fr/fr/en-bref/20211209-inde-les-agriculteurs-déclarent-mettre-fin-à-leur-mouvement-contre-la-réforme-agricole-de-modi","","","","","","","","","1","","7","3","0","3.060","65","52","0","","","","","","","","","","","","","","1.1","https://www.rfi.fr/fr/en-bref/20211209-inde-les-agriculteurs-d%C3%A9clarent-mettre-fin-%C3%A0-leur-mouvement-contre-la-r%C3%A9forme-agricole-de-modi","2021-12-09 15:35:52"
"https://www.rfi.fr/fr/afrique/20211209-can-au-cameroun-à-un-mois-de-la-compétition-les-paris-vont-bon-train","text/html; charset=UTF-8","200","OK","Indexable","","CAN au Cameroun: à un mois de la compétition, les paris vont bon train","70","638","","","","","","CAN au Cameroun: à un mois de la compétition, les paris vont bon train","70","","0","","","","","","https://www.rfi.fr/fr/afrique/20211209-can-au-cameroun-à-un-mois-de-la-compétition-les-paris-vont-bon-train","","","","","","","","","1","","16","8","0","8.160","88","69","0","","","","","","","","","","","","","","1.1","https://www.rfi.fr/fr/afrique/20211209-can-au-cameroun-%C3%A0-un-mois-de-la-comp%C3%A9tition-les-paris-vont-bon-train","2021-12-09 15:35:53"
"https://www.rfi.fr/fr/europe/20211209-russie-la-mobilisation-s-organise-pour-tenter-de-sauver-l-ong-mémorial-de-la-dissolution","text/html; charset=UTF-8","200","OK","Indexable","","Russie: la mobilisation s'organise pour tenter de sauver l'ONG Mémorial de la dissolution","89","787","","","","","","Russie: la mobilisation s'organise pour tenter de sauver l'ONG Mémorial de la dissolution","89","","0","","","","","","https://www.rfi.fr/fr/europe/20211209-russie-la-mobilisation-s-organise-pour-tenter-de-sauver-l-ong-mémorial-de-la-dissolution","","","","","","","","","1","","16","9","0","9.180","89","71","0","","","","","","","","","","","","","","1.1","https://www.rfi.fr/fr/europe/20211209-russie-la-mobilisation-s-organise-pour-tenter-de-sauver-l-ong-m%C3%A9morial-de-la-dissolution","2021-12-09 15:35:53"
"https://www.rfi.fr/fr/économie/","text/html; charset=UTF-8","200","OK","Indexable","","L'actualité économique mondiale en direct - RFI","47","423","","","","","","Economie","8","","0","","","","","","https://www.rfi.fr/fr/économie/","","","","","","","","","1","","90","84","0","85.710","99","83","0","","","","","","","","","","","","","","1.1","https://www.rfi.fr/fr/%C3%A9conomie/","2021-12-09 15:35:49"
"https://www.rfi.fr/fr/france/","text/html; charset=UTF-8","200","OK","Indexable","","L'actualité économique et politique en France - RFI","51","452","","","","","","France","6","","0","","","","","","https://www.rfi.fr/fr/france/","","","","","","","","","1","","92","84","0","85.710","99","83","0","","","","","","","","","","","","","","1.1","https://www.rfi.fr/fr/france/","2021-12-09 15:35:52"
"https://www.rfi.fr/fr/amériques/","text/html; charset=UTF-8","200","OK","Indexable","","L'actualité économique et politique aux Amériques en direct - RFI","65","578","","","","","","Amériques","9","","0","","","","","","https://www.rfi.fr/fr/amériques/","","","","","","","","","1","","92","84","0","85.710","99","83","0","","","","","","","","","","","","","","1.1","https://www.rfi.fr/fr/am%C3%A9riques/","2021-12-09 15:35:50"
"https://www.rfi.fr/fr/environnement/","text/html; charset=UTF-8","200","OK","Indexable","","L'actualité autour de l'environnement en direct - RFI","53","460","","","","","","Environnement","13","","0","","","","","","https://www.rfi.fr/fr/environnement/","","","","","","","","","1","","89","84","0","85.710","87","71","0","","","","","","","","","","","","","","1.1","https://www.rfi.fr/fr/environnement/","2021-12-09 15:35:43"
