﻿"Address","Content Type","Status Code","Status","Indexability","Indexability Status","Title 1","Title 1 Length","Title 1 Pixel Width","Meta Description 1","Meta Description 1 Length","Meta Description 1 Pixel Width","Meta Keywords 1","Meta Keywords 1 Length","H1-1","H1-1 Length","H1-2","H1-2 Length","H2-1","H2-1 Length","Meta Robots 1","X-Robots-Tag 1","Meta Refresh 1","Canonical Link Element 1","rel=""next"" 1","rel=""prev"" 1","HTTP rel=""next"" 1","HTTP rel=""prev"" 1","amphtml Link Element","Size (bytes)","Word Count","Text Ratio","Crawl Depth","Link Score","Inlinks","Unique Inlinks","Unique JS Inlinks","% of Total","Outlinks","Unique Outlinks","Unique JS Outlinks","External Outlinks","Unique External Outlinks","Unique External JS Outlinks","Closest Similarity Match","No. Near Duplicates","Spelling Errors","Grammar Errors","Hash","Response Time","Last Modified","Redirect URL","Redirect Type","Cookies","HTTP Version","URL Encoded Address","Crawl Timestamp"
"http://www.the99project.net/","text/html; charset=UTF-8","200","OK","Indexable","","THE 99 PROJECT – Collaborative storytelling and acting","54","501","","","","","","99 九十九","6","","0","","","","","","http://www.the99project.net/","","","","","","","","","0","","740","81","0","100.000","18","3","0","","","","","","","","","","","","","","1.1","http://www.the99project.net/","2021-12-09 15:15:27"
"http://www.the99project.net/99-projects-new/","text/html; charset=UTF-8","200","OK","Indexable","","99 projects – THE 99 PROJECT","28","285","","","","","","","0","","0","","","","","","http://www.the99project.net/99-projects-new/","","","","","","","","","1","","168","81","0","100.000","44","15","0","","","","","","","","","","","","","","1.1","http://www.the99project.net/99-projects-new/","2021-12-09 15:15:32"
"http://www.the99project.net/category/news/","text/html; charset=UTF-8","200","OK","Indexable","","News – THE 99 PROJECT","21","236","","","","","","","0","","0","","","","","","","","","","","","","","","1","","294","81","0","100.000","61","14","0","","","","","","","","","","","","","","1.1","http://www.the99project.net/category/news/","2021-12-09 15:15:32"
"http://www.the99project.net/portfolio/99-live-lebanon/","text/html; charset=UTF-8","200","OK","Indexable","","99 Live Lebanon – THE 99 PROJECT","32","334","","","","","","Portfolio navigation","20","","0","","","","","","http://www.the99project.net/portfolio/99-live-lebanon/","","","","","","","","","2","","11","6","0","7.410","20","9","0","","","","","","","","","","","","","","1.1","http://www.the99project.net/portfolio/99-live-lebanon/","2021-12-09 15:15:33"
"http://www.the99project.net/99-projects-new/page/2/","text/html; charset=UTF-8","200","OK","Non-Indexable","Canonicalised","99 projects – Page 2 – THE 99 PROJECT","37","370","","","","","","","0","","0","","","","","","http://www.the99project.net/99-projects-new/","","","","","","","","","2","","7","2","0","2.470","40","15","0","","","","","","","","","","","","","","1.1","http://www.the99project.net/99-projects-new/page/2/","2021-12-09 15:15:33"
"http://www.the99project.net/portfolio/the-99-project-around-the-world/","text/html; charset=UTF-8","200","OK","Indexable","","THE 99 PROJECT around the world – THE 99 PROJECT","48","507","","","","","","Portfolio navigation","20","","0","","","","","","http://www.the99project.net/portfolio/the-99-project-around-the-world/","","","","","","","","","2","","7","4","0","4.940","26","13","0","","","","","","","","","","","","","","1.1","http://www.the99project.net/portfolio/the-99-project-around-the-world/","2021-12-09 15:15:33"
"http://www.the99project.net/portfolio/99-ambitieuses/","text/html; charset=UTF-8","200","OK","Indexable","","99 ambitieuses – THE 99 PROJECT","31","321","","","","","","Participez à la création d’une série de podcasts autour du thème de l’ambition féminine.","88","Thème et intention de 99 AMBITIEUSES","36","","","","","","http://www.the99project.net/portfolio/99-ambitieuses/","","","","","","","","","2","","18","8","0","9.880","22","8","0","","","","","","","","","","","","","","1.1","http://www.the99project.net/portfolio/99-ambitieuses/","2021-12-09 15:15:33"
"http://www.the99project.net/portfolio/99-hec-for-diversity/","text/html; charset=UTF-8","200","OK","Indexable","","99 HEC FOR DIVERSITY – THE 99 PROJECT","37","414","","","","","","Portfolio navigation","20","","0","","","","","","http://www.the99project.net/portfolio/99-hec-for-diversity/","","","","","","","","","2","","8","4","0","4.940","18","6","0","","","","","","","","","","","","","","1.1","http://www.the99project.net/portfolio/99-hec-for-diversity/","2021-12-09 15:15:33"
"http://www.the99project.net/portfolio/99-voix-habitat-et-humanisme/","text/html; charset=UTF-8","200","OK","Indexable","","99 Voix Habitat et Humanisme 2020-2021 – THE 99 PROJECT","55","558","","","","","","Portfolio navigation","20","","0","","","","","","http://www.the99project.net/portfolio/99-voix-habitat-et-humanisme/","","","","","","","","","2","","14","8","0","9.880","18","7","0","","","","","","","","","","","","","","1.1","http://www.the99project.net/portfolio/99-voix-habitat-et-humanisme/","2021-12-09 15:15:33"
"http://www.the99project.net/category/news/page/2/","text/html; charset=UTF-8","200","OK","Indexable","","News – Page 2 – THE 99 PROJECT","30","321","","","","","","","0","","0","","","","","","","","","","","","","","","2","","4","3","0","3.700","62","20","0","","","","","","","","","","","","","","1.1","http://www.the99project.net/category/news/page/2/","2021-12-09 15:15:34"
"http://www.the99project.net/portfolio/99-femmes-maroc/","text/html; charset=UTF-8","200","OK","Indexable","","99 Femmes Maroc – THE 99 PROJECT","32","355","","","","","","Les femmes, actrices du développement","37","Une collaboration à grande échelle","34","","","","","","http://www.the99project.net/portfolio/99-femmes-maroc/","","","","","","","","","2","","22","7","0","8.640","26","7","0","","","","","","","","","","","","","","1.1","http://www.the99project.net/portfolio/99-femmes-maroc/","2021-12-09 15:15:33"
"http://www.the99project.net/2021/03/11/99-news-february-2021/","text/html; charset=UTF-8","200","OK","Indexable","","99 news February 2021 – THE 99 PROJECT","38","397","","","","","","Seeking newness","15","Where are we now? ","18","","","","","","http://www.the99project.net/2021/03/11/99-news-february-2021/","","","","","","","","","2","","28","10","0","12.350","34","15","0","","","","","","","","","","","","","","1.1","http://www.the99project.net/2021/03/11/99-news-february-2021/","2021-12-09 15:15:34"
"http://www.the99project.net/2021/03/11/99-live-lebanon/","text/html; charset=UTF-8","200","OK","Indexable","","99 WOMEN LEBANON – THE 99 PROJECT","33","394","","","","","","99 WOMEN LEBANON","16","99 WOMEN LEBANON by THE 99 PROJECT","34","","","","","","http://www.the99project.net/2021/03/11/99-live-lebanon/","","","","","","","","","2","","11","4","0","4.940","21","7","0","","","","","","","","","","","","","","1.1","http://www.the99project.net/2021/03/11/99-live-lebanon/","2021-12-09 15:15:35"
"http://www.the99project.net/2021/07/07/99-news-july-2021/","text/html; charset=UTF-8","200","OK","Indexable","","99 news July 2021 – THE 99 PROJECT","34","352","","","","","","Where are we now? ","18","99 WOMEN MOROCCO","16","","","","","","http://www.the99project.net/2021/07/07/99-news-july-2021/","","","","","","","","","2","","34","12","0","14.810","36","18","0","","","","","","","","","","","","","","1.1","http://www.the99project.net/2021/07/07/99-news-july-2021/","2021-12-09 15:15:34"
"http://www.the99project.net/2021/09/13/99-voix-a-avignon/","text/html; charset=UTF-8","200","OK","Indexable","","99 VOIX à Avignon – THE 99 PROJECT","34","357","","","","","","99 VOIX à Avignon","17","Post navigation","15","","","","","","http://www.the99project.net/2021/09/13/99-voix-a-avignon/","","","","","","","","","2","","92","47","0","58.020","35","21","0","","","","","","","","","","","","","","1.1","http://www.the99project.net/2021/09/13/99-voix-a-avignon/","2021-12-09 15:15:35"
"http://www.the99project.net/2021/05/27/99-news-may-2021/","text/html; charset=UTF-8","200","OK","Indexable","","99 news May 2021 – THE 99 PROJECT","33","355","","","","","","Where are we now? ","18","99 AMBITIONS","12","","","","","","http://www.the99project.net/2021/05/27/99-news-may-2021/","","","","","","","","","2","","28","10","0","12.350","30","14","0","","","","","","","","","","","","","","1.1","http://www.the99project.net/2021/05/27/99-news-may-2021/","2021-12-09 15:15:35"
"http://www.the99project.net/2021/09/08/99-parfums-a-grasse/","text/html; charset=UTF-8","200","OK","Indexable","","99 PARFUMS à Grasse – THE 99 PROJECT","36","399","","","","","","99 PARFUMS à Grasse","19","Post navigation","15","","","","","","http://www.the99project.net/2021/09/08/99-parfums-a-grasse/","","","","","","","","","2","","76","46","0","56.790","30","16","0","","","","","","","","","","","","","","1.1","http://www.the99project.net/2021/09/08/99-parfums-a-grasse/","2021-12-09 15:15:36"
"http://www.the99project.net/2021/11/03/talking-with-khadija-bidar/","text/html; charset=UTF-8","200","OK","Indexable","","Talking with Khadija Bidar – THE 99 PROJECT","43","414","","","","","","Talking with Khadija Bidar","26","Post navigation","15","","","","","","http://www.the99project.net/2021/11/03/talking-with-khadija-bidar/","","","","","","","","","2","","69","46","0","56.790","26","11","0","","","","","","","","","","","","","","1.1","http://www.the99project.net/2021/11/03/talking-with-khadija-bidar/","2021-12-09 15:15:35"
"http://www.the99project.net/2021/11/04/99-news-sept-oct-2021/","text/html; charset=UTF-8","200","OK","Indexable","","99 news Sept Oct 2021 – THE 99 PROJECT","38","396","","","","","","Where are we now? ","18","99 WOMEN MOROCCO","16","","","","","","http://www.the99project.net/2021/11/04/99-news-sept-oct-2021/","","","","","","","","","2","","68","45","0","55.560","44","21","0","","","","","","","","","","","","","","1.1","http://www.the99project.net/2021/11/04/99-news-sept-oct-2021/","2021-12-09 15:15:36"
"http://www.the99project.net/2021/08/16/99-news-august-2021/","text/html; charset=UTF-8","200","OK","Indexable","","99 news August 2021 – THE 99 PROJECT","36","379","","","","","","Where are we now ?  ","20","separator","9","","","","","","http://www.the99project.net/2021/08/16/99-news-august-2021/","","","","","","","","","2","","14","6","0","7.410","30","13","0","","","","","","","","","","","","","","1.1","http://www.the99project.net/2021/08/16/99-news-august-2021/","2021-12-09 15:15:36"
"http://www.the99project.net/tag/99-women-lebanon/","text/html; charset=UTF-8","200","OK","Indexable","","99 WOMEN Lebanon – THE 99 PROJECT","33","377","","","","","","","0","","0","","","","","","","","","","","","","","","3","","5","4","0","4.940","32","12","0","","","","","","","","","","","","","","1.1","http://www.the99project.net/tag/99-women-lebanon/","2021-12-09 15:15:37"
"http://www.the99project.net/99-projects-new/page/1/","text/html; charset=UTF-8","301","Moved Permanently","Non-Indexable","Redirected","","0","0","","","","","","","0","","0","","","","","","","","","","","","","","","3","","2","1","0","1.230","0","0","0","","","","","","","","","","","http://www.the99project.net/99-projects-new/","HTTP Redirect","","1.1","http://www.the99project.net/99-projects-new/page/1/","2021-12-09 15:15:38"
"http://www.the99project.net/2021/08/16/portrait-de-mustapha-merouan/","text/html; charset=UTF-8","200","OK","Indexable","","Portrait de Mustapha Merouan – THE 99 PROJECT","45","459","","","","","","Portrait de Mustapha Merouan","28","Post navigation","15","","","","","","http://www.the99project.net/2021/08/16/portrait-de-mustapha-merouan/","","","","","","","","","2","","66","46","0","56.790","28","13","0","","","","","","","","","","","","","","1.1","http://www.the99project.net/2021/08/16/portrait-de-mustapha-merouan/","2021-12-09 15:15:37"
"http://www.the99project.net/portfolio/99womennice/","text/html; charset=UTF-8","200","OK","Indexable","","99 Femmes Nice 2018 – THE 99 PROJECT","36","388","","","","","","Portfolio navigation","20","","0","","","","","","http://www.the99project.net/portfolio/99womennice/","","","","","","","","","3","","12","5","0","6.170","21","6","0","","","","","","","","","","","","","","1.1","http://www.the99project.net/portfolio/99womennice/","2021-12-09 15:15:38"
"http://www.the99project.net/2021/01/29/99-news-january-2021/","text/html; charset=UTF-8","200","OK","Indexable","","99 news January 2021 – THE 99 PROJECT","37","388","","","","","","2021, metamorphoses","19","Where are we now? ","18","","","","","","http://www.the99project.net/2021/01/29/99-news-january-2021/","","","","","","","","","3","","25","9","0","11.110","40","21","0","","","","","","","","","","","","","","1.1","http://www.the99project.net/2021/01/29/99-news-january-2021/","2021-12-09 15:15:38"
"http://www.the99project.net/tag/savoir-faire/","text/html; charset=UTF-8","200","OK","Indexable","","savoir -faire – THE 99 PROJECT","30","292","","","","","","","0","","0","","","","","","","","","","","","","","","3","","3","2","0","2.470","24","9","0","","","","","","","","","","","","","","1.1","http://www.the99project.net/tag/savoir-faire/","2021-12-09 15:15:38"
"http://www.the99project.net/tag/fondation-abbe-pierre/","text/html; charset=UTF-8","200","OK","Indexable","","Fondation Abbé Pierre – THE 99 PROJECT","38","386","","","","","","","0","","0","","","","","","","","","","","","","","","3","","3","2","0","2.470","24","9","0","","","","","","","","","","","","","","1.1","http://www.the99project.net/tag/fondation-abbe-pierre/","2021-12-09 15:15:39"
"http://www.the99project.net/tag/polyphonie/","text/html; charset=UTF-8","200","OK","Indexable","","polyphonie – THE 99 PROJECT","27","282","","","","","","","0","","0","","","","","","","","","","","","","","","3","","5","4","0","4.940","32","12","0","","","","","","","","","","","","","","1.1","http://www.the99project.net/tag/polyphonie/","2021-12-09 15:15:39"
"http://www.the99project.net/tag/habitat-et-humanisme/","text/html; charset=UTF-8","200","OK","Indexable","","Habitat et Humanisme – THE 99 PROJECT","37","385","","","","","","","0","","0","","","","","","","","","","","","","","","3","","5","4","0","4.940","32","11","0","","","","","","","","","","","","","","1.1","http://www.the99project.net/tag/habitat-et-humanisme/","2021-12-09 15:15:39"
"http://www.the99project.net/tag/theatre/","text/html; charset=UTF-8","200","OK","Indexable","","théâtre – THE 99 PROJECT","24","250","","","","","","","0","","0","","","","","","","","","","","","","","","3","","4","3","0","3.700","32","12","0","","","","","","","","","","","","","","1.1","http://www.the99project.net/tag/theatre/","2021-12-09 15:15:39"
"http://www.the99project.net/tag/ministere-de-la-culture-cest-pas-du-luxe/","text/html; charset=UTF-8","200","OK","Indexable","","Ministère de la Culture. C’est pas du luxe – THE 99 PROJECT","59","552","","","","","","","0","","0","","","","","","","","","","","","","","","3","","3","2","0","2.470","24","9","0","","","","","","","","","","","","","","1.1","http://www.the99project.net/tag/ministere-de-la-culture-cest-pas-du-luxe/","2021-12-09 15:15:39"
"http://www.the99project.net/tag/precarite/","text/html; charset=UTF-8","200","OK","Indexable","","précarité – THE 99 PROJECT","26","265","","","","","","","0","","0","","","","","","","","","","","","","","","3","","3","2","0","2.470","24","9","0","","","","","","","","","","","","","","1.1","http://www.the99project.net/tag/precarite/","2021-12-09 15:15:40"
"http://www.the99project.net/tag/culture-du-parfum/","text/html; charset=UTF-8","200","OK","Indexable","","culture du parfum – THE 99 PROJECT","34","344","","","","","","","0","","0","","","","","","","","","","","","","","","3","","4","3","0","3.700","32","11","0","","","","","","","","","","","","","","1.1","http://www.the99project.net/tag/culture-du-parfum/","2021-12-09 15:15:40"
"http://www.the99project.net/tag/marie-christine-barrault/","text/html; charset=UTF-8","200","OK","Indexable","","Marie Christine Barrault – THE 99 PROJECT","41","397","","","","","","","0","","0","","","","","","","","","","","","","","","3","","3","2","0","2.470","24","9","0","","","","","","","","","","","","","","1.1","http://www.the99project.net/tag/marie-christine-barrault/","2021-12-09 15:15:40"
"http://www.the99project.net/2020/06/30/interview-michelle-keserwany/","text/html; charset=UTF-8","200","OK","Indexable","","Interview Michelle Keserwany – THE 99 PROJECT","45","449","","","","","","Interview Michelle Keserwany","28","Post navigation","15","","","","","","http://www.the99project.net/2020/06/30/interview-michelle-keserwany/","","","","","","","","","3","","14","5","0","6.170","30","16","0","","","","","","","","","","","","","","1.1","http://www.the99project.net/2020/06/30/interview-michelle-keserwany/","2021-12-09 15:15:40"
"http://www.the99project.net/tag/personnes-fragilisees/","text/html; charset=UTF-8","200","OK","Indexable","","personnes fragilisées – THE 99 PROJECT","38","375","","","","","","","0","","0","","","","","","","","","","","","","","","3","","3","2","0","2.470","24","9","0","","","","","","","","","","","","","","1.1","http://www.the99project.net/tag/personnes-fragilisees/","2021-12-09 15:15:40"
"http://www.the99project.net/tag/ecriture-collaborative/","text/html; charset=UTF-8","200","OK","Indexable","","écriture collaborative – THE 99 PROJECT","39","371","","","","","","","0","","0","","","","","","","","","","","","","","","3","","8","7","0","8.640","44","15","0","","","","","","","","","","","","","","1.1","http://www.the99project.net/tag/ecriture-collaborative/","2021-12-09 15:15:41"
"http://www.the99project.net/tag/avignon/","text/html; charset=UTF-8","200","OK","Indexable","","Avignon – THE 99 PROJECT","24","258","","","","","","","0","","0","","","","","","","","","","","","","","","3","","4","3","0","3.700","28","10","0","","","","","","","","","","","","","","1.1","http://www.the99project.net/tag/avignon/","2021-12-09 15:15:41"
"http://www.the99project.net/tag/morocco/","text/html; charset=UTF-8","200","OK","Indexable","","Morocco – THE 99 PROJECT","24","264","","","","","","","0","","0","","","","","","","","","","","","","","","3","","4","3","0","3.700","28","10","0","","","","","","","","","","","","","","1.1","http://www.the99project.net/tag/morocco/","2021-12-09 15:15:41"
"http://www.the99project.net/tag/jasmin/","text/html; charset=UTF-8","200","OK","Indexable","","jasmin – THE 99 PROJECT","23","244","","","","","","","0","","0","","","","","","","","","","","","","","","3","","3","2","0","2.470","24","9","0","","","","","","","","","","","","","","1.1","http://www.the99project.net/tag/jasmin/","2021-12-09 15:15:41"
"http://www.the99project.net/2021/01/29/capturing-hope-with-joanna-tyan/","text/html; charset=UTF-8","200","OK","Indexable","","Capturing hope with Joanna Tyan – THE 99 PROJECT","48","485","","","","","","Capturing hope with Joanna Tyan","31","Post navigation","15","","","","","","http://www.the99project.net/2021/01/29/capturing-hope-with-joanna-tyan/","","","","","","","","","3","","17","6","0","7.410","33","19","0","","","","","","","","","","","","","","1.1","http://www.the99project.net/2021/01/29/capturing-hope-with-joanna-tyan/","2021-12-09 15:15:41"
"http://www.the99project.net/tag/amazighe/","text/html; charset=UTF-8","200","OK","Indexable","","Amazighe – THE 99 PROJECT","25","275","","","","","","","0","","0","","","","","","","","","","","","","","","3","","4","3","0","3.700","28","9","0","","","","","","","","","","","","","","1.1","http://www.the99project.net/tag/amazighe/","2021-12-09 15:15:42"
"http://www.the99project.net/2020/09/17/master_cluster/","text/html; charset=UTF-8","200","OK","Indexable","","Students, envision your future with theater! – THE 99 PROJECT","61","569","","","","","","Students, envision your future with theater!","44","Post navigation","15","","","","","","http://www.the99project.net/2020/09/17/master_cluster/","","","","","","","","","3","","10","4","0","4.940","31","13","0","","","","","","","","","","","","","","1.1","http://www.the99project.net/2020/09/17/master_cluster/","2021-12-09 15:15:42"
"http://www.the99project.net/tag/michelle-noel-keserwany/","text/html; charset=UTF-8","200","OK","Indexable","","Michelle & Noel Keserwany – THE 99 PROJECT","42","428","","","","","","","0","","0","","","","","","","","","","","","","","","3","","5","4","0","4.940","32","12","0","","","","","","","","","","","","","","1.1","http://www.the99project.net/tag/michelle-noel-keserwany/","2021-12-09 15:15:42"
"http://www.the99project.net/tag/cest-pas-du-luxe/","text/html; charset=UTF-8","200","OK","Indexable","","C’est pas du Luxe – THE 99 PROJECT","34","347","","","","","","","0","","0","","","","","","","","","","","","","","","3","","5","4","0","4.940","32","11","0","","","","","","","","","","","","","","1.1","http://www.the99project.net/tag/cest-pas-du-luxe/","2021-12-09 15:15:42"
"http://www.the99project.net/tag/99-voix/","text/html; charset=UTF-8","200","OK","Indexable","","99 VOIX – THE 99 PROJECT","24","263","","","","","","","0","","0","","","","","","","","","","","","","","","3","","6","5","0","6.170","36","12","0","","","","","","","","","","","","","","1.1","http://www.the99project.net/tag/99-voix/","2021-12-09 15:15:42"
"http://www.the99project.net/portfolio/99liveshanghai2017/","text/html; charset=UTF-8","200","OK","Indexable","","99 Live Shanghai 2017 – THE 99 PROJECT","38","390","","","","","","Portfolio navigation","20","","0","","","","","","http://www.the99project.net/portfolio/99liveshanghai2017/","","","","","","","","","3","","10","5","0","6.170","19","6","0","","","","","","","","","","","","","","1.1","http://www.the99project.net/portfolio/99liveshanghai2017/","2021-12-09 15:15:42"
"http://www.the99project.net/tag/99-women-morocco/","text/html; charset=UTF-8","200","OK","Indexable","","99 WOMEN MOROCCO – THE 99 PROJECT","33","407","","","","","","","0","","0","","","","","","","","","","","","","","","3","","5","4","0","4.940","32","10","0","","","","","","","","","","","","","","1.1","http://www.the99project.net/tag/99-women-morocco/","2021-12-09 15:15:43"
"http://www.the99project.net/2020/10/30/improvisation/","text/html; charset=UTF-8","200","OK","Indexable","","About steel, creativity and the transformation of traditional industries – THE 99 PROJECT","89","792","","","","","","About steel, creativity and the transformation of traditional industries","72","Post navigation","15","","","","","","http://www.the99project.net/2020/10/30/improvisation/","","","","","","","","","3","","11","4","0","4.940","40","24","0","","","","","","","","","","","","","","1.1","http://www.the99project.net/2020/10/30/improvisation/","2021-12-09 15:15:43"
"http://www.the99project.net/tag/verbatims/","text/html; charset=UTF-8","200","OK","Indexable","","Verbatims – THE 99 PROJECT","26","277","","","","","","","0","","0","","","","","","","","","","","","","","","3","","4","3","0","3.700","28","9","0","","","","","","","","","","","","","","1.1","http://www.the99project.net/tag/verbatims/","2021-12-09 15:15:43"
"http://www.the99project.net/2020/09/27/political-romance/","text/html; charset=UTF-8","200","OK","Indexable","","A new Political Romance by Michelle and Noel Keserwany – THE 99 PROJECT","71","700","","","","","","A new Political Romance by Michelle and Noel Keserwany","54","Post navigation","15","","","","","","http://www.the99project.net/2020/09/27/political-romance/","","","","","","","","","3","","14","6","0","7.410","29","15","0","","","","","","","","","","","","","","1.1","http://www.the99project.net/2020/09/27/political-romance/","2021-12-09 15:15:43"
"http://www.the99project.net/tag/ambition/","text/html; charset=UTF-8","200","OK","Indexable","","Ambition – THE 99 PROJECT","25","264","","","","","","","0","","0","","","","","","","","","","","","","","","3","","4","3","0","3.700","28","11","0","","","","","","","","","","","","","","1.1","http://www.the99project.net/tag/ambition/","2021-12-09 15:15:43"
"http://www.the99project.net/tag/traduction/","text/html; charset=UTF-8","200","OK","Indexable","","Traduction – THE 99 PROJECT","27","281","","","","","","","0","","0","","","","","","","","","","","","","","","3","","3","2","0","2.470","24","9","0","","","","","","","","","","","","","","1.1","http://www.the99project.net/tag/traduction/","2021-12-09 15:15:44"
"http://www.the99project.net/tag/philippe-torreton/","text/html; charset=UTF-8","200","OK","Indexable","","Philippe Torreton – THE 99 PROJECT","34","338","","","","","","","0","","0","","","","","","","","","","","","","","","3","","3","2","0","2.470","24","9","0","","","","","","","","","","","","","","1.1","http://www.the99project.net/tag/philippe-torreton/","2021-12-09 15:15:44"
"http://www.the99project.net/portfolio/99-women-shanghai-2015/","text/html; charset=UTF-8","200","OK","Indexable","","99 Women Shanghai 2015 – THE 99 PROJECT","39","423","","","","","","Portfolio navigation","20","","0","","","","","","http://www.the99project.net/portfolio/99-women-shanghai-2015/","","","","","","","","","3","","12","6","0","7.410","21","7","0","","","","","","","","","","","","","","1.1","http://www.the99project.net/portfolio/99-women-shanghai-2015/","2021-12-09 15:15:44"
"http://www.the99project.net/tag/le-11-gilgamesh/","text/html; charset=UTF-8","200","OK","Indexable","","le 11 Gilgamesh – THE 99 PROJECT","32","331","","","","","","","0","","0","","","","","","","","","","","","","","","3","","3","2","0","2.470","24","9","0","","","","","","","","","","","","","","1.1","http://www.the99project.net/tag/le-11-gilgamesh/","2021-12-09 15:15:44"
"http://www.the99project.net/tag/feminisme/","text/html; charset=UTF-8","200","OK","Indexable","","Féminisme – THE 99 PROJECT","26","284","","","","","","","0","","0","","","","","","","","","","","","","","","3","","3","2","0","2.470","24","9","0","","","","","","","","","","","","","","1.1","http://www.the99project.net/tag/feminisme/","2021-12-09 15:15:44"
"http://www.the99project.net/2020/10/26/99-voix-heure-solidaire/","text/html; charset=UTF-8","200","OK","Indexable","","99 VOIX à l’Heure Solidaire – THE 99 PROJECT","44","430","","","","","","99 VOIX à l’Heure Solidaire","27","Post navigation","15","","","","","","http://www.the99project.net/2020/10/26/99-voix-heure-solidaire/","","","","","","","","","3","","11","5","0","6.170","37","23","0","","","","","","","","","","","","","","1.1","http://www.the99project.net/2020/10/26/99-voix-heure-solidaire/","2021-12-09 15:15:45"
"http://www.the99project.net/tag/ambitions/","text/html; charset=UTF-8","200","OK","Indexable","","Ambitions – THE 99 PROJECT","26","274","","","","","","","0","","0","","","","","","","","","","","","","","","3","","4","3","0","3.700","28","11","0","","","","","","","","","","","","","","1.1","http://www.the99project.net/tag/ambitions/","2021-12-09 15:15:45"
"http://www.the99project.net/2021/02/18/99-ambitieuses/","text/html; charset=UTF-8","200","OK","Indexable","","99 AMBITIEUSES – THE 99 PROJECT","31","348","","","","","","99 AMBITIEUSES","14","Participez à la création d’une série de podcasts sur le thème de l’ambition féminine.","85","","","","","","http://www.the99project.net/2021/02/18/99-ambitieuses/","","","","","","","","","3","","18","7","0","8.640","36","18","0","","","","","","","","","","","","","","1.1","http://www.the99project.net/2021/02/18/99-ambitieuses/","2021-12-09 15:15:45"
"http://www.the99project.net/portfolio/99womenpune/","text/html; charset=UTF-8","200","OK","Indexable","","99 Women Pune 2016 – THE 99 PROJECT","35","386","","","","","","Portfolio navigation","20","","0","","","","","","http://www.the99project.net/portfolio/99womenpune/","","","","","","","","","3","","11","5","0","6.170","20","6","0","","","","","","","","","","","","","","1.1","http://www.the99project.net/portfolio/99womenpune/","2021-12-09 15:15:45"
"http://www.the99project.net/tag/le-village/","text/html; charset=UTF-8","200","OK","Indexable","","Le Village – THE 99 PROJECT","27","273","","","","","","","0","","0","","","","","","","","","","","","","","","3","","3","2","0","2.470","24","9","0","","","","","","","","","","","","","","1.1","http://www.the99project.net/tag/le-village/","2021-12-09 15:15:45"
"http://www.the99project.net/2020/10/13/99-news-september-2020-2/","text/html; charset=UTF-8","200","OK","Indexable","","99 news Sept-Oct 2020 – THE 99 PROJECT","38","397","","","","","","Where are we now? ","18","What’s next? ","13","","","","","","http://www.the99project.net/2020/10/13/99-news-september-2020-2/","","","","","","","","","3","","26","10","0","12.350","44","27","0","","","","","","","","","","","","","","1.1","http://www.the99project.net/2020/10/13/99-news-september-2020-2/","2021-12-09 15:15:46"
"http://www.the99project.net/tag/liban/","text/html; charset=UTF-8","200","OK","Indexable","","liban – THE 99 PROJECT","22","228","","","","","","","0","","0","","","","","","","","","","","","","","","3","","9","8","0","9.880","48","16","0","","","","","","","","","","","","","","1.1","http://www.the99project.net/tag/liban/","2021-12-09 15:15:46"
"http://www.the99project.net/2020/10/11/a-conversation-with-sarah-bussy/","text/html; charset=UTF-8","200","OK","Indexable","","A conversation with Sarah Bussy – THE 99 PROJECT","48","479","","","","","","A conversation with Sarah Bussy","31","Post navigation","15","","","","","","http://www.the99project.net/2020/10/11/a-conversation-with-sarah-bussy/","","","","","","","","","3","","17","6","0","7.410","30","16","0","","","","","","","","","","","","","","1.1","http://www.the99project.net/2020/10/11/a-conversation-with-sarah-bussy/","2021-12-09 15:15:46"
"http://www.the99project.net/category/news/page/3/","text/html; charset=UTF-8","200","OK","Indexable","","News – Page 3 – THE 99 PROJECT","30","321","","","","","","","0","","0","","","","","","","","","","","","","","","3","","3","2","0","2.470","62","21","0","","","","","","","","","","","","","","1.1","http://www.the99project.net/category/news/page/3/","2021-12-09 15:15:46"
"http://www.the99project.net/tag/patrimoine/","text/html; charset=UTF-8","200","OK","Indexable","","patrimoine – THE 99 PROJECT","27","280","","","","","","","0","","0","","","","","","","","","","","","","","","3","","3","2","0","2.470","24","9","0","","","","","","","","","","","","","","1.1","http://www.the99project.net/tag/patrimoine/","2021-12-09 15:15:46"
"http://www.the99project.net/tag/la-garance/","text/html; charset=UTF-8","200","OK","Indexable","","La Garance – THE 99 PROJECT","27","292","","","","","","","0","","0","","","","","","","","","","","","","","","3","","3","2","0","2.470","24","9","0","","","","","","","","","","","","","","1.1","http://www.the99project.net/tag/la-garance/","2021-12-09 15:15:47"
"http://www.the99project.net/2020/11/20/99-news-octobre-novembre-2020/","text/html; charset=UTF-8","200","OK","Indexable","","99 news Octobre-Novembre 2020 – THE 99 PROJECT","46","488","","","","","","Where are we now? ","18","What’s next? ","13","","","","","","http://www.the99project.net/2020/11/20/99-news-octobre-novembre-2020/","","","","","","","","","3","","13","5","0","6.170","35","18","0","","","","","","","","","","","","","","1.1","http://www.the99project.net/2020/11/20/99-news-octobre-novembre-2020/","2021-12-09 15:15:47"
"http://www.the99project.net/tag/maroc/","text/html; charset=UTF-8","200","OK","Indexable","","Maroc – THE 99 PROJECT","22","243","","","","","","","0","","0","","","","","","","","","","","","","","","3","","4","3","0","3.700","28","10","0","","","","","","","","","","","","","","1.1","http://www.the99project.net/tag/maroc/","2021-12-09 15:15:48"
"http://www.the99project.net/2021/04/09/99-ambitieuses-2/","text/html; charset=UTF-8","200","OK","Indexable","","99 ambitieuses – Récit collectif – THE 99 PROJECT","49","460","","","","","","99 ambitieuses – Récit collectif","32","Post navigation","15","","","","","","http://www.the99project.net/2021/04/09/99-ambitieuses-2/","","","","","","","","","3","","6","3","0","3.700","20","7","0","","","","","","","","","","","","","","1.1","http://www.the99project.net/2021/04/09/99-ambitieuses-2/","2021-12-09 15:15:47"
"http://www.the99project.net/tag/podcast/","text/html; charset=UTF-8","200","OK","Indexable","","Podcast – THE 99 PROJECT","24","259","","","","","","","0","","0","","","","","","","","","","","","","","","3","","5","4","0","4.940","32","11","0","","","","","","","","","","","","","","1.1","http://www.the99project.net/tag/podcast/","2021-12-09 15:15:48"
"http://www.the99project.net/tag/grasse/","text/html; charset=UTF-8","200","OK","Indexable","","Grasse – THE 99 PROJECT","23","252","","","","","","","0","","0","","","","","","","","","","","","","","","3","","5","4","0","4.940","40","13","0","","","","","","","","","","","","","","1.1","http://www.the99project.net/tag/grasse/","2021-12-09 15:15:48"
"http://www.the99project.net/tag/rose-de-mai/","text/html; charset=UTF-8","200","OK","Indexable","","rose de mai – THE 99 PROJECT","28","292","","","","","","","0","","0","","","","","","","","","","","","","","","3","","3","2","0","2.470","24","9","0","","","","","","","","","","","","","","1.1","http://www.the99project.net/tag/rose-de-mai/","2021-12-09 15:15:48"
"http://www.the99project.net/portfolio/99parfums/","text/html; charset=UTF-8","200","OK","Indexable","","99 Parfums Grasse 2019 – THE 99 PROJECT","39","411","","","","","","Portfolio navigation","20","","0","","","","","","http://www.the99project.net/portfolio/99parfums/","","","","","","","","","3","","9","6","0","7.410","16","5","0","","","","","","","","","","","","","","1.1","http://www.the99project.net/portfolio/99parfums/","2021-12-09 15:15:48"
"http://www.the99project.net/tag/heritage-culturel/","text/html; charset=UTF-8","200","OK","Indexable","","Héritage culturel – THE 99 PROJECT","34","332","","","","","","","0","","0","","","","","","","","","","","","","","","3","","4","3","0","3.700","28","9","0","","","","","","","","","","","","","","1.1","http://www.the99project.net/tag/heritage-culturel/","2021-12-09 15:15:49"
"http://www.the99project.net/2020/07/25/interview-de-sr-nathalie/","text/html; charset=UTF-8","200","OK","Indexable","","Collaborative writing – Ecrire en collaboration – THE 99 PROJECT","64","585","","","","","","Collaborative writing – Ecrire en collaboration","47","Post navigation","15","","","","","","http://www.the99project.net/2020/07/25/interview-de-sr-nathalie/","","","","","","","","","3","","14","5","0","6.170","27","13","0","","","","","","","","","","","","","","1.1","http://www.the99project.net/2020/07/25/interview-de-sr-nathalie/","2021-12-09 15:15:48"
"http://www.the99project.net/2021/11/04/99-news-sept-oct-2021","text/html; charset=UTF-8","301","Moved Permanently","Non-Indexable","Redirected","","0","0","","","","","","","0","","0","","","","","","","","","","","","","","","3","","1","1","0","1.230","0","0","0","","","","","","","","","","","http://www.the99project.net/2021/11/04/99-news-sept-oct-2021/","HTTP Redirect","","1.1","http://www.the99project.net/2021/11/04/99-news-sept-oct-2021","2021-12-09 15:15:50"
"http://www.the99project.net/2020/09/25/99-parfums-lecture-aux-dits-du-lundi/","text/html; charset=UTF-8","200","OK","Indexable","","99 PARFUMS, lecture aux Dits du Lundi – THE 99 PROJECT","54","543","","","","","","99 PARFUMS, lecture aux Dits du Lundi","37","Post navigation","15","","","","","","http://www.the99project.net/2020/09/25/99-parfums-lecture-aux-dits-du-lundi/","","","","","","","","","3","","14","5","0","6.170","36","22","0","","","","","","","","","","","","","","1.1","http://www.the99project.net/2020/09/25/99-parfums-lecture-aux-dits-du-lundi/","2021-12-09 15:15:49"
"http://www.the99project.net/tag/festival/","text/html; charset=UTF-8","200","OK","Indexable","","Festival – THE 99 PROJECT","25","255","","","","","","","0","","0","","","","","","","","","","","","","","","3","","3","2","0","2.470","24","9","0","","","","","","","","","","","","","","1.1","http://www.the99project.net/tag/festival/","2021-12-09 15:15:50"
"http://www.the99project.net/tag/developpement/","text/html; charset=UTF-8","200","OK","Indexable","","Développement – THE 99 PROJECT","30","326","","","","","","","0","","0","","","","","","","","","","","","","","","3","","3","2","0","2.470","24","10","0","","","","","","","","","","","","","","1.1","http://www.the99project.net/tag/developpement/","2021-12-09 15:15:50"
"http://www.the99project.net/tag/habit-et-humanisme/","text/html; charset=UTF-8","200","OK","Indexable","","Habit et Humanisme – THE 99 PROJECT","35","368","","","","","","","0","","0","","","","","","","","","","","","","","","3","","3","2","0","2.470","24","9","0","","","","","","","","","","","","","","1.1","http://www.the99project.net/tag/habit-et-humanisme/","2021-12-09 15:15:50"
"http://www.the99project.net/tag/immateriel/","text/html; charset=UTF-8","200","OK","Indexable","","immatériel – THE 99 PROJECT","27","279","","","","","","","0","","0","","","","","","","","","","","","","","","3","","3","2","0","2.470","24","9","0","","","","","","","","","","","","","","1.1","http://www.the99project.net/tag/immateriel/","2021-12-09 15:15:50"
