{
  "result_count": 100,
  "results": [{
      "email": "crystal.wiggins@emtrac.com",
      "mojoinc": {
        "properties": {
          "managedBy": [{
            "clientId": "b0abd46f-ebe6-4f9e-9503-246554b88b87",
            "id": 188171708
          }]
        }
      },
      "uuid": "d72de4ec-c9e1-463e-bdb4-da5e850ea5d3"
    },
    {
      "email": "ward.roach@medesign.com",
      "mojoinc": {
        "properties": {
          "managedBy": [{
            "clientId": "f48c500f-3bd7-4771-96b6-64520fc820ef",
            "id": 396345459
          }]
        }
      },
      "uuid": "55fd1b25-2a18-4dda-9844-42377d6aa276"
    },
    {
      "email": "gay.mays@slumberia.com",
      "mojoinc": {
        "properties": {
          "managedBy": [{
            "clientId": "a181c174-b2a8-4617-8ea1-439558ebd488",
            "id": 885588627
          }]
        }
      },
      "uuid": "b79ec601-7e7d-4a17-8b2b-dbf5940da70d"
    },
    {
      "email": "jodi.dillon@ezentia.com",
      "mojoinc": {
        "properties": {
          "managedBy": [{
            "clientId": "42a32040-2fcd-489e-9cc5-edfd429397db",
            "id": 740171909
          }]
        }
      },
      "uuid": "ec435526-fbba-48a0-879d-5a97526247fc"
    },
    {
      "email": "shirley.holt@futurity.com",
      "mojoinc": {
        "properties": {
          "managedBy": [{
            "clientId": "0d94c0da-ac38-44dc-9a40-bd69b45819cc",
            "id": 586803915
          }]
        }
      },
      "uuid": "76386ff1-41b8-4591-81ea-51c9380e5b96"
    },
    {
      "email": "beryl.tran@digitalus.com",
      "mojoinc": {
        "properties": {
          "managedBy": [{
            "clientId": "9f9e1fe0-f9db-4398-9efa-5752e7113457",
            "id": 835030253
          }]
        }
      },
      "uuid": "06d2017d-3e09-4539-8934-f65f1bdfcc04"
    },
    {
      "email": "edna.gonzales@biospan.com",
      "mojoinc": {
        "properties": {
          "managedBy": [{
            "clientId": "12000ae5-553a-4826-b4e2-bc2935d2f4ee",
            "id": 187489192
          }]
        }
      },
      "uuid": "21f6ca55-9f61-4380-ad02-8a9acd04cdda"
    },
    {
      "email": "elsie.rocha@velity.com",
      "mojoinc": {
        "properties": {
          "managedBy": [{
            "clientId": "98044fa1-63bc-4056-9cbe-0a26378c1c75",
            "id": 768750093
          }]
        }
      },
      "uuid": "45129e4a-d3cc-4e9c-a3ec-6ef4d6919687"
    },
    {
      "email": "twila.whitehead@qualitex.com",
      "mojoinc": {
        "properties": {
          "managedBy": [{
            "clientId": "9e30955d-4eda-4a78-89fc-e4e7cdfbced8",
            "id": 909622430
          }]
        }
      },
      "uuid": "bd966bf1-68b9-478c-aaa2-33404e6063f5"
    },
    {
      "email": "leanne.bowen@duoflex.com",
      "mojoinc": {
        "properties": {
          "managedBy": [{
            "clientId": "28c1e77d-4b61-47a6-8f6f-6b8d69dddb9d",
            "id": 794885260
          }]
        }
      },
      "uuid": "044b1331-17eb-4ad1-bc8e-64fa6e5b9691"
    },
    {
      "email": "aurora.landry@joviold.com",
      "mojoinc": {
        "properties": {
          "managedBy": [{
            "clientId": "575d2be5-3e56-4afc-ad24-ad9057f93204",
            "id": 662727387
          }]
        }
      },
      "uuid": "5fa4fc4c-a24c-47f9-9854-bd94a4756ae4"
    },
    {
      "email": "cleo.cunningham@qot.com",
      "mojoinc": {
        "properties": {
          "managedBy": [{
            "clientId": "9eba6a93-5a57-41d4-831b-7356ecf23bf5",
            "id": 183717147
          }]
        }
      },
      "uuid": "3c98d4e1-dd40-4a37-b872-716de708459c"
    },
    {
      "email": "vaughan.gill@comvex.com",
      "mojoinc": {
        "properties": {
          "managedBy": [{
            "clientId": "c339222b-eb2f-42ee-9824-c4f56e3ad685",
            "id": 413319941
          }]
        }
      },
      "uuid": "c8ac6642-2d11-4f87-a86c-aa0f5bcdb8c2"
    },
    {
      "email": "stark.shelton@xerex.com",
      "mojoinc": {
        "properties": {
          "managedBy": [{
            "clientId": "0b57dd67-ef9f-4d3b-a69a-32010406d910",
            "id": 475348236
          }]
        }
      },
      "uuid": "95e74ffa-c5b0-4e08-8112-e7731e196483"
    },
    {
      "email": "hull.alston@renovize.com",
      "mojoinc": {
        "properties": {
          "managedBy": [{
            "clientId": "71b152bd-ea40-4e69-b395-916d11033da9",
            "id": 402623711
          }]
        }
      },
      "uuid": "bec1ef34-f7df-41ef-8d8c-66dbe948e9b3"
    },
    {
      "email": "james.hodges@ultrasure.com",
      "mojoinc": {
        "properties": {
          "managedBy": [{
            "clientId": "6c290077-9e6d-4cb1-8e7e-a17fa2081eb3",
            "id": 571836677
          }]
        }
      },
      "uuid": "b71b2ccd-b0a1-43f2-946a-2a8ed0cd7dca"
    },
    {
      "email": "marylou.holman@jumpstack.com",
      "mojoinc": {
        "properties": {
          "managedBy": [{
            "clientId": "4fba482f-7dc8-4fa4-99d5-066b796f7d80",
            "id": 828220574
          }]
        }
      },
      "uuid": "0e0645a3-af51-4271-af98-3fcac1b68ff9"
    },
    {
      "email": "sears.blackburn@xelegyl.com",
      "mojoinc": {
        "properties": {
          "managedBy": [{
            "clientId": "90d423b5-cc1e-4f4b-8e0c-3e195b2984f5",
            "id": 380708813
          }]
        }
      },
      "uuid": "5e42f608-cf67-429f-99d0-69cf9e471bce"
    },
    {
      "email": "effie.herrera@kindaloo.com",
      "mojoinc": {
        "properties": {
          "managedBy": [{
            "clientId": "13964a51-6a1f-4ede-ac23-f7a7bc51e56d",
            "id": 98814356
          }]
        }
      },
      "uuid": "af4312b6-0595-4872-99ce-6d3cdb6316b5"
    },
    {
      "email": "paulette.raymond@nipaz.com",
      "mojoinc": {
        "properties": {
          "managedBy": [{
            "clientId": "df423623-9f15-4015-8304-6f7f69b83d43",
            "id": 836580890
          }]
        }
      },
      "uuid": "569abf55-7776-41a7-ae85-0f476d7c5e8b"
    },
    {
      "email": "carlene.reilly@vurbo.com",
      "mojoinc": {
        "properties": {
          "managedBy": [{
            "clientId": "a389177b-ba4b-4a1d-adcd-3b6ce4c6978d",
            "id": 121321645
          }]
        }
      },
      "uuid": "7d58a36d-f194-4f85-bb79-fcacd33d42ad"
    },
    {
      "email": "harriett.holcomb@roboid.com",
      "mojoinc": {
        "properties": {
          "managedBy": [{
            "clientId": "641cf6da-ab0d-4e87-b163-a9893607d103",
            "id": 421445533
          }]
        }
      },
      "uuid": "977482b4-e470-4af7-aae9-9d1e29987020"
    },
    {
      "email": "jaime.ross@columella.com",
      "mojoinc": {
        "properties": {
          "managedBy": [{
            "clientId": "00cdb828-00e5-42f6-b85a-aee19fa62ca2",
            "id": 515491657
          }]
        }
      },
      "uuid": "939d0404-52c8-456e-ba30-304c2a4fe6bc"
    },
    {
      "email": "latisha.pickett@providco.com",
      "mojoinc": {
        "properties": {
          "managedBy": [{
            "clientId": "ce77a8f6-deff-4bee-a187-507dbff8a5a4",
            "id": 129166820
          }]
        }
      },
      "uuid": "13dc3ab2-a03d-448a-b0de-02ffde90026b"
    },
    {
      "email": "cox.davidson@infotrips.com",
      "mojoinc": {
        "properties": {
          "managedBy": [{
            "clientId": "69df3d52-89e0-4f01-a7da-618c0bbd932c",
            "id": 676991009
          }]
        }
      },
      "uuid": "d6725969-6cc9-44ac-abd7-c10b51af3630"
    },
    {
      "email": "ivy.schultz@krog.com",
      "mojoinc": {
        "properties": {
          "managedBy": [{
            "clientId": "9715c40b-6b5b-4faf-b2d6-93dd22ab4738",
            "id": 280456068
          }]
        }
      },
      "uuid": "ee714f65-ee4e-4869-9a90-01e6114ff3f6"
    },
    {
      "email": "kerr.fry@confrenzy.com",
      "mojoinc": {
        "properties": {
          "managedBy": [{
            "clientId": "f744611e-9d09-4cc9-9a31-03534ec3bd30",
            "id": 808739801
          }]
        }
      },
      "uuid": "15c68b9e-000b-44aa-b991-a4542e432c8d"
    },
    {
      "email": "rhonda.owen@mixers.com",
      "mojoinc": {
        "properties": {
          "managedBy": [{
            "clientId": "eea7f033-6576-446e-aeaf-6863f2040610",
            "id": 594372077
          }]
        }
      },
      "uuid": "2254e226-cb75-4dfc-bcbf-0cb7a255b2fa"
    },
    {
      "email": "simon.vinson@diginetic.com",
      "mojoinc": {
        "properties": {
          "managedBy": [{
            "clientId": "099a3eba-b594-4b8c-98cb-e0ddfc8db940",
            "id": 427440175
          }]
        }
      },
      "uuid": "ce656a56-fdd4-45cd-a959-068944483aa6"
    },
    {
      "email": "terra.burch@cablam.com",
      "mojoinc": {
        "properties": {
          "managedBy": [{
            "clientId": "31eb49ed-b58b-490f-9346-ff1680d00d03",
            "id": 326792601
          }]
        }
      },
      "uuid": "551b3a7d-e4c2-4ced-bfc8-c9a1d94bb09b"
    },
    {
      "email": "pearl.murray@zinca.com",
      "mojoinc": {
        "properties": {
          "managedBy": [{
            "clientId": "9901e160-25c7-429f-af4d-1fdd819d809b",
            "id": 455679709
          }]
        }
      },
      "uuid": "dc1c5abc-dbe2-4c56-8206-27f8ec85b6a9"
    },
    {
      "email": "swanson.key@cujo.com",
      "mojoinc": {
        "properties": {
          "managedBy": [{
            "clientId": "d5cd3261-d485-4434-a158-c84bdd1fe65e",
            "id": 448569951
          }]
        }
      },
      "uuid": "34f67783-1bc4-429f-8494-87b7a9769f9e"
    },
    {
      "email": "victoria.leblanc@ovation.com",
      "mojoinc": {
        "properties": {
          "managedBy": [{
            "clientId": "0bc9c48d-072c-4ef8-945d-ea7dd447a38b",
            "id": 91032531
          }]
        }
      },
      "uuid": "4240dc59-e6b7-4291-b903-e4811b364b59"
    },
    {
      "email": "juana.roberts@remotion.com",
      "mojoinc": {
        "properties": {
          "managedBy": [{
            "clientId": "61e87afc-b573-4b73-a86e-0ed2c87e95d7",
            "id": 453258487
          }]
        }
      },
      "uuid": "f6674006-debf-49d3-85fa-d76b8f822d14"
    },
    {
      "email": "lola.pennington@panzent.com",
      "mojoinc": {
        "properties": {
          "managedBy": [{
            "clientId": "ff4b38aa-b723-493c-80fd-0d2f4568ba15",
            "id": 657018987
          }]
        }
      },
      "uuid": "2a590410-599f-40a6-b9cf-f73b9f1b618b"
    },
    {
      "email": "carroll.page@spacewax.com",
      "mojoinc": {
        "properties": {
          "managedBy": [{
            "clientId": "e12e13a5-e9fa-4fea-8878-824c5f377bd3",
            "id": 675956935
          }]
        }
      },
      "uuid": "e71859ea-63cd-48ef-82f0-4144a157c085"
    },
    {
      "email": "jacqueline.benson@artworlds.com",
      "mojoinc": {
        "properties": {
          "managedBy": [{
            "clientId": "798c1ee4-6f2d-41c8-8470-ef769d414b6a",
            "id": 374949913
          }]
        }
      },
      "uuid": "b5b884e0-df67-48c2-bb18-40876758df63"
    },
    {
      "email": "marsha.ashley@marketoid.com",
      "mojoinc": {
        "properties": {
          "managedBy": [{
            "clientId": "4c6eb611-56de-4e92-8024-ca3e3eb58451",
            "id": 36063185
          }]
        }
      },
      "uuid": "68c1761e-4cb4-46cf-b151-87d06a44962a"
    },
    {
      "email": "mabel.adkins@quilk.com",
      "mojoinc": {
        "properties": {
          "managedBy": [{
            "clientId": "0d93fbd4-d92f-43aa-af10-2809aa4e0aea",
            "id": 591634854
          }]
        }
      },
      "uuid": "761b7c4e-4add-4833-adbe-c11b735022d7"
    },
    {
      "email": "audra.gomez@stralum.com",
      "mojoinc": {
        "properties": {
          "managedBy": [{
            "clientId": "d59e09f9-8edf-4d2a-8f9a-659119a039d6",
            "id": 105226507
          }]
        }
      },
      "uuid": "fee34a2c-c500-446b-972a-f2eb55a3403d"
    },
    {
      "email": "potter.fisher@digiprint.com",
      "mojoinc": {
        "properties": {
          "managedBy": [{
            "clientId": "78628493-8cb5-42c1-b974-c40fd41a5617",
            "id": 369784348
          }]
        }
      },
      "uuid": "a03b90e1-710d-425a-b08d-a71208d13281"
    },
    {
      "email": "espinoza.watson@qnekt.com",
      "mojoinc": {
        "properties": {
          "managedBy": [{
            "clientId": "1a4f87f2-1d7f-4c60-8a22-f8215db0897f",
            "id": 164268130
          }]
        }
      },
      "uuid": "c67e05b6-fcd2-4294-aae2-e5b521064983"
    },
    {
      "email": "norma.daugherty@xylar.com",
      "mojoinc": {
        "properties": {
          "managedBy": [{
            "clientId": "38c07b06-0238-4b1a-8d1e-7775bdce0277",
            "id": 248387102
          }]
        }
      },
      "uuid": "ebea0729-afa5-4e17-9bc5-7f42ad7e67e7"
    },
    {
      "email": "mattie.castro@bolax.com",
      "mojoinc": {
        "properties": {
          "managedBy": [{
            "clientId": "6d095fe0-0dd0-40fb-b5f6-6da2baedb95c",
            "id": 696264712
          }]
        }
      },
      "uuid": "b83fdcf5-6c9a-4ee9-9281-d646c592cbb8"
    },
    {
      "email": "carter.patton@portalis.com",
      "mojoinc": {
        "properties": {
          "managedBy": [{
            "clientId": "ed124954-03df-400a-93ac-3da8291f19ab",
            "id": 293625075
          }]
        }
      },
      "uuid": "4eaa641f-3f2b-49c7-8439-2b3785bd9e44"
    },
    {
      "email": "walsh.conner@digique.com",
      "mojoinc": {
        "properties": {
          "managedBy": [{
            "clientId": "b10a7a72-1f19-43ce-967e-f5945e7ae307",
            "id": 764186825
          }]
        }
      },
      "uuid": "050fcefa-c4a6-4b97-8eb1-c85048035ea2"
    },
    {
      "email": "erika.reyes@deminimum.com",
      "mojoinc": {
        "properties": {
          "managedBy": [{
            "clientId": "62afd9ee-2b56-42d1-b0a4-36b8ea841758",
            "id": 84580521
          }]
        }
      },
      "uuid": "c08b4a60-e204-47d6-8d22-5a80e374d831"
    },
    {
      "email": "maggie.love@zaggle.com",
      "mojoinc": {
        "properties": {
          "managedBy": [{
            "clientId": "d53e4692-1e53-43f8-9232-e8a99ff8c1d5",
            "id": 493836313
          }]
        }
      },
      "uuid": "43a7e34e-ccdf-49c4-911a-57c062a5be24"
    },
    {
      "email": "tiffany.dyer@playce.com",
      "mojoinc": {
        "properties": {
          "managedBy": [{
            "clientId": "e2eef344-5fb1-4618-ae79-724370ba69c4",
            "id": 753026019
          }]
        }
      },
      "uuid": "bcc42945-6fd8-4567-8962-07e04f8790f3"
    },
    {
      "email": "norton.armstrong@nutralab.com",
      "mojoinc": {
        "properties": {
          "managedBy": [{
            "clientId": "5c0f21c2-4b77-42fe-99a8-ca9ca21081e3",
            "id": 118038367
          }]
        }
      },
      "uuid": "e7d2e418-ba7e-4b1e-aa81-306503d233a8"
    },
    {
      "email": "blake.valdez@inrt.com",
      "mojoinc": {
        "properties": {
          "managedBy": [{
            "clientId": "badff9ba-89f2-4576-ab42-aa1aa0d0bc5e",
            "id": 408860285
          }]
        }
      },
      "uuid": "af4613ad-9c91-43ee-8720-87d588635e55"
    },
    {
      "email": "terry.garza@acrodance.com",
      "mojoinc": {
        "properties": {
          "managedBy": [{
            "clientId": "d55fc83d-f3d8-4e2e-b8fc-27f4ac499ad8",
            "id": 14587148
          }]
        }
      },
      "uuid": "9c484ff1-c0b3-466e-add6-ae336709b490"
    },
    {
      "email": "greene.clayton@interodeo.com",
      "mojoinc": {
        "properties": {
          "managedBy": [{
            "clientId": "0af85005-a875-482f-9ea9-57b0fbe7899b",
            "id": 57354028
          }]
        }
      },
      "uuid": "3337beb7-6d87-4bbf-b7e2-b0e488ab79fd"
    },
    {
      "email": "pittman.moses@besto.com",
      "mojoinc": {
        "properties": {
          "managedBy": [{
            "clientId": "f2c304c0-d7e1-4210-8711-b38962b5d35b",
            "id": 412463026
          }]
        }
      },
      "uuid": "8065ba32-492f-4f5f-b718-61cb4d23b4a7"
    },
    {
      "email": "weaver.oliver@jetsilk.com",
      "mojoinc": {
        "properties": {
          "managedBy": [{
            "clientId": "c1440265-9a49-4b5e-a293-5f3ff4096b80",
            "id": 62911187
          }]
        }
      },
      "uuid": "ef25962f-5037-4dff-85f2-cfdd652d3da1"
    },
    {
      "email": "sexton.rivera@quantalia.com",
      "mojoinc": {
        "properties": {
          "managedBy": [{
            "clientId": "f5004e7d-c960-4a4d-b9c1-76409d70f714",
            "id": 230785146
          }]
        }
      },
      "uuid": "0207f81e-c494-4774-9ad8-7f3695532a37"
    },
    {
      "email": "carson.cardenas@applica.com",
      "mojoinc": {
        "properties": {
          "managedBy": [{
            "clientId": "b672b498-31af-4cf7-a99b-bc7dc4d260ba",
            "id": 629325899
          }]
        }
      },
      "uuid": "4029c5b5-1d82-4452-80aa-0d4c97c2b0d3"
    },
    {
      "email": "talley.crawford@electonic.com",
      "mojoinc": {
        "properties": {
          "managedBy": [{
            "clientId": "2b0a5094-41c1-4d71-ad99-49b827eacb0d",
            "id": 882628411
          }]
        }
      },
      "uuid": "095a7311-f897-40a9-9fbb-8bbfba5bf710"
    },
    {
      "email": "judith.doyle@virxo.com",
      "mojoinc": {
        "properties": {
          "managedBy": [{
            "clientId": "b05f8d45-8b53-41d7-952b-4ede100db207",
            "id": 918457650
          }]
        }
      },
      "uuid": "1c865998-f605-4fa3-9458-e2ae4af1eeb0"
    },
    {
      "email": "patrice.reed@suremax.com",
      "mojoinc": {
        "properties": {
          "managedBy": [{
            "clientId": "30f060d6-0db5-4dae-b64e-c96b097a3241",
            "id": 202598224
          }]
        }
      },
      "uuid": "2396e04d-d508-4e26-ad9d-f500dd5e88c7"
    },
    {
      "email": "ballard.dominguez@jasper.com",
      "mojoinc": {
        "properties": {
          "managedBy": [{
            "clientId": "0805e6cf-6e5d-4b60-8db0-35e5338bb5f7",
            "id": 745487962
          }]
        }
      },
      "uuid": "c3efc75b-ff30-490e-a243-b8d2534916d6"
    },
    {
      "email": "louella.townsend@zilidium.com",
      "mojoinc": {
        "properties": {
          "managedBy": [{
            "clientId": "65a0a44e-5d68-4764-8712-810ce5a92b7f",
            "id": 319476078
          }]
        }
      },
      "uuid": "9053b3e2-6b54-4cc3-a430-e7836ed39143"
    },
    {
      "email": "erica.gallegos@elita.com",
      "mojoinc": {
        "properties": {
          "managedBy": [{
            "clientId": "55648fc9-bf91-4d7a-849e-6e754c1dd247",
            "id": 3493663
          }]
        }
      },
      "uuid": "038d6288-62a6-48eb-9547-961543255911"
    },
    {
      "email": "gabrielle.whitley@kaggle.com",
      "mojoinc": {
        "properties": {
          "managedBy": [{
            "clientId": "0a5d1483-a18f-448c-b5d0-cd9f03f6b478",
            "id": 453156524
          }]
        }
      },
      "uuid": "246da085-e169-4eb9-afeb-c667ccf0433e"
    },
    {
      "email": "ball.olsen@isopop.com",
      "mojoinc": {
        "properties": {
          "managedBy": [{
            "clientId": "6c089a66-dccb-4f3a-b446-1297546c0f2e",
            "id": 270491383
          }]
        }
      },
      "uuid": "c371f4f5-cacf-4bbb-ba11-aa5bc74d8c53"
    },
    {
      "email": "farrell.gregory@bunga.com",
      "mojoinc": {
        "properties": {
          "managedBy": [{
            "clientId": "561d257d-7574-479e-a4be-2f891eff62c7",
            "id": 597080616
          }]
        }
      },
      "uuid": "1c1c14c4-5727-44fa-ac28-9387000d8e72"
    },
    {
      "email": "haley.gilmore@norali.com",
      "mojoinc": {
        "properties": {
          "managedBy": [{
            "clientId": "88afee1a-e081-4358-a5b9-a0204de9fe69",
            "id": 595896104
          }]
        }
      },
      "uuid": "0f2768ca-cc9c-4173-a64d-7ab5e485972a"
    },
    {
      "email": "cobb.martin@malathion.com",
      "mojoinc": {
        "properties": {
          "managedBy": [{
            "clientId": "2bff7925-a924-41e6-9148-6e6f8e927d84",
            "id": 129275306
          }]
        }
      },
      "uuid": "8bff4fc7-885b-4c0f-92ed-c3decb28536f"
    },
    {
      "email": "alta.mclean@accruex.com",
      "mojoinc": {
        "properties": {
          "managedBy": [{
            "clientId": "83b88230-c627-4ff8-830c-7ca1d7006f14",
            "id": 731711421
          }]
        }
      },
      "uuid": "a0132873-16dd-4618-b048-f7fee57ccc11"
    },
    {
      "email": "kramer.owens@bluegrain.com",
      "mojoinc": {
        "properties": {
          "managedBy": [{
            "clientId": "f28ebac3-0127-44c9-b2cf-7b6d1c7b2089",
            "id": 733948140
          }]
        }
      },
      "uuid": "ad456031-5afc-4f62-9b91-64193f578e6a"
    },
    {
      "email": "molina.wolf@polaria.com",
      "mojoinc": {
        "properties": {
          "managedBy": [{
            "clientId": "3892ad31-305e-497d-9db1-709a3f25b6bd",
            "id": 857508745
          }]
        }
      },
      "uuid": "0c1b8286-c52a-4fc4-b306-6090fb347791"
    },
    {
      "email": "flynn.knight@digigen.com",
      "mojoinc": {
        "properties": {
          "managedBy": [{
            "clientId": "9766f885-181f-42e1-8612-198af48b3f06",
            "id": 191543778
          }]
        }
      },
      "uuid": "e0acb9a5-b35d-4122-9aa2-4b76181c76ca"
    },
    {
      "email": "reva.mclaughlin@zillan.com",
      "mojoinc": {
        "properties": {
          "managedBy": [{
            "clientId": "a90bd027-c7ec-4981-8ce9-60f03650a857",
            "id": 114487025
          }]
        }
      },
      "uuid": "ff50863c-9d2d-4b00-b3f5-4739e8a6385c"
    },
    {
      "email": "latasha.webster@eyeris.com",
      "mojoinc": {
        "properties": {
          "managedBy": [{
            "clientId": "7cd0503b-1e53-433d-a4f3-1db91ec6c61b",
            "id": 976814128
          }]
        }
      },
      "uuid": "aa230f4e-90ac-4c89-be3c-88799a863174"
    },
    {
      "email": "powell.wallace@scentric.com",
      "mojoinc": {
        "properties": {
          "managedBy": [{
            "clientId": "16473d42-88b3-4a00-a982-4ca4541cde9b",
            "id": 860723060
          }]
        }
      },
      "uuid": "9b4f5082-2f34-4e19-be51-9030853b7ba1"
    },
    {
      "email": "janie.moran@lunchpad.com",
      "mojoinc": {
        "properties": {
          "managedBy": [{
            "clientId": "6384eb63-c456-4536-9d50-2be922b89dd3",
            "id": 699739916
          }]
        }
      },
      "uuid": "f1f007be-48f2-46cb-9a9e-51b35ec9383f"
    },
    {
      "email": "jenkins.winters@sentia.com",
      "mojoinc": {
        "properties": {
          "managedBy": [{
            "clientId": "523515cd-9b90-41f2-9236-657f56d20792",
            "id": 300274711
          }]
        }
      },
      "uuid": "1a6e58db-e3a9-4860-b920-e7b89354f961"
    },
    {
      "email": "valencia.deleon@zolavo.com",
      "mojoinc": {
        "properties": {
          "managedBy": [{
            "clientId": "f400b95f-fcd7-463d-92b8-b98b4ce621e7",
            "id": 378641812
          }]
        }
      },
      "uuid": "29d4dcf4-493c-4594-8446-d70bafed1d9c"
    },
    {
      "email": "emily.pitts@zoid.com",
      "mojoinc": {
        "properties": {
          "managedBy": [{
            "clientId": "274e8174-1689-4b6b-9b5b-b61b2c06fa48",
            "id": 11650601
          }]
        }
      },
      "uuid": "5eb1b067-03b2-4043-8ad6-a738c8fb8524"
    },
    {
      "email": "fleming.norton@jamnation.com",
      "mojoinc": {
        "properties": {
          "managedBy": [{
            "clientId": "5dc16ad1-760f-4fd5-94eb-034228a0548c",
            "id": 91966758
          }]
        }
      },
      "uuid": "25b79dac-8b54-427a-b9cd-93c22a052188"
    },
    {
      "email": "compton.rosales@skinserve.com",
      "mojoinc": {
        "properties": {
          "managedBy": [{
            "clientId": "e606b6c2-afc9-4312-a8af-89400f3684e1",
            "id": 541000833
          }]
        }
      },
      "uuid": "4f86abb0-83a6-4ea3-8269-db0fda5c5694"
    },
    {
      "email": "elvira.atkinson@exovent.com",
      "mojoinc": {
        "properties": {
          "managedBy": [{
            "clientId": "d0927da0-b81c-440c-af88-2a8049b824ef",
            "id": 849589022
          }]
        }
      },
      "uuid": "9671fb5c-f050-4f63-b7c2-5e5c2946d651"
    },
    {
      "email": "moran.byers@rodeology.com",
      "mojoinc": {
        "properties": {
          "managedBy": [{
            "clientId": "f4428786-19cd-4631-9566-0c34231fcd4c",
            "id": 860452712
          }]
        }
      },
      "uuid": "c82b72bb-4f6b-4acd-803b-bc46649b24b6"
    },
    {
      "email": "iva.donovan@injoy.com",
      "mojoinc": {
        "properties": {
          "managedBy": [{
            "clientId": "64b5a3b3-1d60-42c7-9010-c644a76d447a",
            "id": 80786042
          }]
        }
      },
      "uuid": "1e63c563-90f7-40aa-b6cc-fc7b0dd49879"
    },
    {
      "email": "small.maddox@xinware.com",
      "mojoinc": {
        "properties": {
          "managedBy": [{
            "clientId": "34831da1-e77d-4f3c-8872-48e55f13d1c2",
            "id": 835431243
          }]
        }
      },
      "uuid": "b30f49e1-632f-4ede-897f-9e9e363302d1"
    },
    {
      "email": "dale.beasley@otherway.com",
      "mojoinc": {
        "properties": {
          "managedBy": [{
            "clientId": "92a5d8b1-6cbb-4be7-8dff-764b7da3e02c",
            "id": 220621568
          }]
        }
      },
      "uuid": "1c8bcb27-e1a5-4108-8199-c80a370d2264"
    },
    {
      "email": "mendoza.durham@plasto.com",
      "mojoinc": {
        "properties": {
          "managedBy": [{
            "clientId": "787bfb88-d193-4a03-a8f3-c34f8fa0aeea",
            "id": 287223772
          }]
        }
      },
      "uuid": "7dd6c7b6-f558-4fa8-af1d-f8429c4f570e"
    },
    {
      "email": "gilliam.burns@enerforce.com",
      "mojoinc": {
        "properties": {
          "managedBy": [{
            "clientId": "b230b03b-a69d-4e77-ae4a-9fa52b7b4627",
            "id": 722706438
          }]
        }
      },
      "uuid": "478bb20e-2d4c-4e7c-880f-3c0ecf7b5022"
    },
    {
      "email": "alison.burt@supportal.com",
      "mojoinc": {
        "properties": {
          "managedBy": [{
            "clientId": "fa2c9a50-55ea-4775-9b98-078f54276603",
            "id": 894700886
          }]
        }
      },
      "uuid": "4398e1cf-37b3-4046-8b44-6f1300df9975"
    },
    {
      "email": "cassandra.acosta@daisu.com",
      "mojoinc": {
        "properties": {
          "managedBy": [{
            "clientId": "2ae64563-dc33-4c7c-8f31-656112902f03",
            "id": 59130626
          }]
        }
      },
      "uuid": "af9b087d-9ba6-4fdf-9cdd-2beacbb0e802"
    },
    {
      "email": "love.dunlap@viagrand.com",
      "mojoinc": {
        "properties": {
          "managedBy": [{
            "clientId": "caf36382-7c2f-41cb-8813-db69dc9710a0",
            "id": 637437242
          }]
        }
      },
      "uuid": "b62c0d88-caec-4dde-8540-75e8df1a9e07"
    },
    {
      "email": "tia.mueller@insectus.com",
      "mojoinc": {
        "properties": {
          "managedBy": [{
            "clientId": "170840b7-704f-4160-a987-e8893e357e8c",
            "id": 794421994
          }]
        }
      },
      "uuid": "d759f038-0bf8-40b3-85f5-d5a7e75c7605"
    },
    {
      "email": "mckenzie.mayer@rockyard.com",
      "mojoinc": {
        "properties": {
          "managedBy": [{
            "clientId": "9b19ba40-dc14-4016-8202-98b6ad575b06",
            "id": 494688749
          }]
        }
      },
      "uuid": "f2283f44-0d3a-47bd-825f-fe411bb49bae"
    },
    {
      "email": "estes.bright@lovepad.com",
      "mojoinc": {
        "properties": {
          "managedBy": [{
            "clientId": "d077b2c5-773c-4e96-8d5d-9a740eef56e2",
            "id": 792420451
          }]
        }
      },
      "uuid": "5c31f1e0-d37f-4386-9b63-84af6ab5eab6"
    },
    {
      "email": "sharron.cannon@unq.com",
      "mojoinc": {
        "properties": {
          "managedBy": [{
            "clientId": "0570b663-c9d4-43bf-b5d9-83c87e9e3a06",
            "id": 253778030
          }]
        }
      },
      "uuid": "e96ca481-63a6-4fae-a2ce-ce44b71e1744"
    },
    {
      "email": "florine.fitzgerald@roughies.com",
      "mojoinc": {
        "properties": {
          "managedBy": [{
            "clientId": "17e6bfbb-b7cd-4283-b1e6-710458f7cc5d",
            "id": 91527120
          }]
        }
      },
      "uuid": "4d7e2830-6b49-43df-b601-501f6a0ff122"
    },
    {
      "email": "monroe.walters@comtour.com",
      "mojoinc": {
        "properties": {
          "managedBy": [{
            "clientId": "a5ea3714-d038-4096-ab06-b8ada379ce99",
            "id": 519264728
          }]
        }
      },
      "uuid": "86f359fd-1b16-4613-bb12-a257733f980c"
    },
    {
      "email": "lavonne.grimes@parcoe.com",
      "mojoinc": {
        "properties": {
          "managedBy": [{
            "clientId": "550dfad7-f91d-4318-b5c3-d415d7e7acc2",
            "id": 231177290
          }]
        }
      },
      "uuid": "9ece56c4-8095-4c8f-81e1-395638d3d424"
    },
    {
      "email": "valentine.bass@zytrek.com",
      "mojoinc": {
        "properties": {
          "managedBy": [{
            "clientId": "95b0e903-05b5-4024-b095-93f1082d5895",
            "id": 510000800
          }]
        }
      },
      "uuid": "6c8b7d4a-a129-4d17-8958-6e67bc051109"
    },
    {
      "email": "england.sellers@koffee.com",
      "mojoinc": {
        "properties": {
          "managedBy": [{
            "clientId": "7335cb2f-f321-40f2-b18c-02bb4e489294",
            "id": 205661604
          }]
        }
      },
      "uuid": "baa4809a-4e1b-4c1a-984c-8b5618743284"
    }
  ],
  "stat": "ok"
}