{
  "result_count": 100,
  "results": [{
      "email": "alexis.hartman@bluplanet.com",
      "mojoinc": {
        "properties": {
          "managedBy": [{
            "clientId": "fabf7742-0353-469b-a8be-f76f51f8f801",
            "id": 860831267
          }]
        }
      },
      "uuid": "8182f4c4-dccb-46bd-a823-6cf679445aa4"
    },
    {
      "email": "caitlin.fletcher@xixan.com",
      "mojoinc": {
        "properties": {
          "managedBy": [{
            "clientId": "55c7977d-be43-48a3-8095-0603b1d78f8d",
            "id": 446175150
          }]
        }
      },
      "uuid": "db5572b7-321b-4653-9984-d013b0d64988"
    },
    {
      "email": "farmer.logan@quailcom.com",
      "mojoinc": {
        "properties": {
          "managedBy": [{
            "clientId": "123d351d-5398-4190-a8bd-c6c8c3a67c6d",
            "id": 162332138
          }]
        }
      },
      "uuid": "42d11c26-6f58-493c-bce1-869139c84b87"
    },
    {
      "email": "marissa.reyes@isosure.com",
      "mojoinc": {
        "properties": {
          "managedBy": [{
            "clientId": "a55ee729-2d59-49d6-bc6f-469cee0e813b",
            "id": 456439462
          }]
        }
      },
      "uuid": "05e7de8c-ef0a-44b7-a1f5-58fddb5bd60c"
    },
    {
      "email": "jewel.page@futurity.com",
      "mojoinc": {
        "properties": {
          "managedBy": [{
            "clientId": "c840f181-4609-4f35-ae19-62ab0c5cc4f9",
            "id": 669914204
          }]
        }
      },
      "uuid": "00ba997b-a1db-4ff3-b3a4-d464a0340fe6"
    },
    {
      "email": "mcpherson.rivera@gology.com",
      "mojoinc": {
        "properties": {
          "managedBy": [{
            "clientId": "fb1dd5b1-0b9a-480a-9010-98e14dbd5273",
            "id": 734391264
          }]
        }
      },
      "uuid": "08c932b7-675f-464d-8cfc-3b6373bc8b60"
    },
    {
      "email": "esmeralda.blankenship@qnekt.com",
      "mojoinc": {
        "properties": {
          "managedBy": [{
            "clientId": "502bfdb4-74f0-4ccd-b53d-15276520e358",
            "id": 799780800
          }]
        }
      },
      "uuid": "7782965d-d5d0-4077-a28d-81d9c29544e3"
    },
    {
      "email": "tonya.nunez@affluex.com",
      "mojoinc": {
        "properties": {
          "managedBy": [{
            "clientId": "11c1c7cb-d8a1-4fc6-89ee-718cd0298523",
            "id": 442120956
          }]
        }
      },
      "uuid": "165282a2-46c4-441d-b6b6-9feebcdb5794"
    },
    {
      "email": "luna.randall@isologix.com",
      "mojoinc": {
        "properties": {
          "managedBy": [{
            "clientId": "5db19324-8778-4e5c-ad57-394ec70468ce",
            "id": 110761180
          }]
        }
      },
      "uuid": "9f6364d7-4df4-4970-97b4-a998e1cf0708"
    },
    {
      "email": "green.boyer@isodrive.com",
      "mojoinc": {
        "properties": {
          "managedBy": [{
            "clientId": "b21f5c7f-f4d0-4ce1-9850-a2dd4dc90db7",
            "id": 513608753
          }]
        }
      },
      "uuid": "0c4fb994-cbb9-454e-8a96-3129dac9fc3e"
    },
    {
      "email": "velma.parker@geeky.com",
      "mojoinc": {
        "properties": {
          "managedBy": [{
            "clientId": "3e3e853f-3cc6-47cb-b598-0b80b3898e9d",
            "id": 786953382
          }]
        }
      },
      "uuid": "3a787868-1747-4e69-a58f-b78f9b106ccb"
    },
    {
      "email": "wong.moore@niquent.com",
      "mojoinc": {
        "properties": {
          "managedBy": [{
            "clientId": "6d6c5e5b-7c40-4f22-8b0e-39a7a5f6e02a",
            "id": 42546767
          }]
        }
      },
      "uuid": "120efa5b-654b-4ead-93fc-72a4c9cd34c4"
    },
    {
      "email": "savage.fitzpatrick@opticon.com",
      "mojoinc": {
        "properties": {
          "managedBy": [{
            "clientId": "923b1c9f-23ee-4266-8b65-101d869fe7d8",
            "id": 71269650
          }]
        }
      },
      "uuid": "24fccf8b-d8dd-4121-8c14-c0bc854be098"
    },
    {
      "email": "concepcion.walton@pearlesex.com",
      "mojoinc": {
        "properties": {
          "managedBy": [{
            "clientId": "694e109c-59f7-40e2-be14-5a8c03628b47",
            "id": 732143376
          }]
        }
      },
      "uuid": "caca0130-fe2d-4c5b-a22e-2128ac16ec34"
    },
    {
      "email": "avila.shannon@cincyr.com",
      "mojoinc": {
        "properties": {
          "managedBy": [{
            "clientId": "0a1d39f4-2e6f-402d-a0dd-d372505b8b32",
            "id": 171642849
          }]
        }
      },
      "uuid": "ca69b4ce-4e38-4d53-a72f-6d8c62cded90"
    },
    {
      "email": "grace.robertson@zuvy.com",
      "mojoinc": {
        "properties": {
          "managedBy": [{
            "clientId": "2f9048ca-446b-4ba4-a30e-2ffac37364c1",
            "id": 302009939
          }]
        }
      },
      "uuid": "865c68e3-5ff1-4119-bb0c-19bcf755d0ed"
    },
    {
      "email": "oneil.callahan@anixang.com",
      "mojoinc": {
        "properties": {
          "managedBy": [{
            "clientId": "711411bb-f30f-44f6-85f4-3d54f49a98be",
            "id": 251940562
          }]
        }
      },
      "uuid": "526b878d-9de2-4f65-9bac-e8b35915469d"
    },
    {
      "email": "frances.hickman@techtrix.com",
      "mojoinc": {
        "properties": {
          "managedBy": [{
            "clientId": "778229a1-0092-46f1-8772-565246af7933",
            "id": 380758450
          }]
        }
      },
      "uuid": "84dccbb8-0e5e-4fe2-a600-5b0503ae3f71"
    },
    {
      "email": "knapp.richardson@cipromox.com",
      "mojoinc": {
        "properties": {
          "managedBy": [{
            "clientId": "628c3b7a-da5d-415c-864b-300b09c32b32",
            "id": 669166646
          }]
        }
      },
      "uuid": "5976ce4b-e7dc-4ed3-bf3b-1d36fe7ab1fc"
    },
    {
      "email": "amalia.dejesus@shepard.com",
      "mojoinc": {
        "properties": {
          "managedBy": [{
            "clientId": "9f645c5d-db16-4472-8e4a-ac87b979d993",
            "id": 253799223
          }]
        }
      },
      "uuid": "4d8ca37f-ae1b-48ac-8169-ee8b453e64a7"
    },
    {
      "email": "stephanie.bradley@phormula.com",
      "mojoinc": {
        "properties": {
          "managedBy": [{
            "clientId": "46b22c62-bb40-45c8-bc95-0fb4a4d0fdd5",
            "id": 603661912
          }]
        }
      },
      "uuid": "f0711b55-55a6-42b3-9505-fb4ebc76b2e4"
    },
    {
      "email": "wallace.cleveland@earthwax.com",
      "mojoinc": {
        "properties": {
          "managedBy": [{
            "clientId": "8193701d-e8c7-4594-ab7e-2e3408a7c0b4",
            "id": 273849222
          }]
        }
      },
      "uuid": "da365fc5-59a6-4827-87ce-4518f45f7b87"
    },
    {
      "email": "rivas.gilmore@geekfarm.com",
      "mojoinc": {
        "properties": {
          "managedBy": [{
            "clientId": "ef603963-1119-49b3-addd-325cd6382dc2",
            "id": 438862909
          }]
        }
      },
      "uuid": "8909f1d8-5b6b-4d05-a603-491cb6c14fda"
    },
    {
      "email": "candice.lott@gleamink.com",
      "mojoinc": {
        "properties": {
          "managedBy": [{
            "clientId": "6951b728-9196-450f-8268-5e5f8948cce2",
            "id": 751135616
          }]
        }
      },
      "uuid": "08d52c6f-d6cf-40d5-a6ea-e9b1a407f0de"
    },
    {
      "email": "toni.lyons@gracker.com",
      "mojoinc": {
        "properties": {
          "managedBy": [{
            "clientId": "69755430-65ec-49f2-818f-8ed0921e5673",
            "id": 661345513
          }]
        }
      },
      "uuid": "8adfd168-2670-417a-a6d6-1acbe4854485"
    },
    {
      "email": "duffy.golden@koffee.com",
      "mojoinc": {
        "properties": {
          "managedBy": [{
            "clientId": "0500db73-9d5f-4a6a-8834-40b2d783764a",
            "id": 445006050
          }]
        }
      },
      "uuid": "7d4eda8d-5436-4b84-91c0-87081851570d"
    },
    {
      "email": "buchanan.lucas@eventage.com",
      "mojoinc": {
        "properties": {
          "managedBy": [{
            "clientId": "16a422b7-d042-4e93-be4b-74fb3258bd24",
            "id": 23002960
          }]
        }
      },
      "uuid": "ba5980ba-4069-445e-8b70-f5498b6cba69"
    },
    {
      "email": "charles.bennett@steeltab.com",
      "mojoinc": {
        "properties": {
          "managedBy": [{
            "clientId": "1659419c-6710-42a9-b0c5-e64c31a1fd5d",
            "id": 675359359
          }]
        }
      },
      "uuid": "7b4dc207-9a10-4f03-b4af-5f5c0735cb92"
    },
    {
      "email": "levine.mack@kidstock.com",
      "mojoinc": {
        "properties": {
          "managedBy": [{
            "clientId": "5f6e6c88-97d9-4712-b197-1bbdf9a3e728",
            "id": 188328483
          }]
        }
      },
      "uuid": "599c2488-a752-4634-b61b-bdd6d7203d03"
    },
    {
      "email": "melva.maldonado@zinca.com",
      "mojoinc": {
        "properties": {
          "managedBy": [{
            "clientId": "fa448aff-36f5-4995-81a7-43574907d86e",
            "id": 243361621
          }]
        }
      },
      "uuid": "08bb1060-db38-481c-ba93-0b9b1e93e22f"
    },
    {
      "email": "geneva.neal@sureplex.com",
      "mojoinc": {
        "properties": {
          "managedBy": [{
            "clientId": "ace2c2f2-f21b-4471-ba61-2c73dd6652b9",
            "id": 487878912
          }]
        }
      },
      "uuid": "17b3d2aa-2a6f-47aa-81fa-4e6388680e3a"
    },
    {
      "email": "francesca.barrett@geekwagon.com",
      "mojoinc": {
        "properties": {
          "managedBy": [{
            "clientId": "c741c864-850a-46f7-90ae-94ec26b5d936",
            "id": 26410289
          }]
        }
      },
      "uuid": "83728fde-adbd-4ecd-b255-9b5647b6ec7f"
    },
    {
      "email": "aguirre.sharpe@softmicro.com",
      "mojoinc": {
        "properties": {
          "managedBy": [{
            "clientId": "f858f380-abec-4d91-a518-64e51c2cbb55",
            "id": 446424371
          }]
        }
      },
      "uuid": "ddb9cf76-23d3-44ea-b500-8c59a0139077"
    },
    {
      "email": "ray.stein@aquamate.com",
      "mojoinc": {
        "properties": {
          "managedBy": [{
            "clientId": "e2fd357d-56eb-48a1-aba6-86e5e3d4044b",
            "id": 678584363
          }]
        }
      },
      "uuid": "42f62501-7d28-4e49-b4e5-238ffefd2373"
    },
    {
      "email": "eaton.meyer@toyletry.com",
      "mojoinc": {
        "properties": {
          "managedBy": [{
            "clientId": "5ae48deb-a72f-45f8-ae4b-fdcc98174494",
            "id": 793748020
          }]
        }
      },
      "uuid": "f2e4d789-77cd-4902-bad7-8c3cd97de567"
    },
    {
      "email": "nona.mathews@unq.com",
      "mojoinc": {
        "properties": {
          "managedBy": [{
            "clientId": "3ba498df-6055-400c-affb-8525522ec821",
            "id": 360877762
          }]
        }
      },
      "uuid": "bcbe3a00-96cd-4a51-b1d7-dfc49db9f7af"
    },
    {
      "email": "best.long@viagrand.com",
      "mojoinc": {
        "properties": {
          "managedBy": [{
            "clientId": "a0ac22f6-8a4a-468d-875b-30a93422458b",
            "id": 666360992
          }]
        }
      },
      "uuid": "88a9dc64-2726-4501-8360-5bc79df53cd8"
    },
    {
      "email": "dotson.patel@neocent.com",
      "mojoinc": {
        "properties": {
          "managedBy": [{
            "clientId": "8f9d42e6-1a88-4b49-9719-b5894bfb89d4",
            "id": 16194806
          }]
        }
      },
      "uuid": "d6bef75f-335b-4435-acd5-0972909f5aa1"
    },
    {
      "email": "wilson.knowles@nebulean.com",
      "mojoinc": {
        "properties": {
          "managedBy": [{
            "clientId": "aa13ddfe-40f8-491b-9c74-95c0dfe8a956",
            "id": 955447318
          }]
        }
      },
      "uuid": "0f9e96b3-742d-4d9f-84f2-6d40feb9b220"
    },
    {
      "email": "gould.mullen@zanity.com",
      "mojoinc": {
        "properties": {
          "managedBy": [{
            "clientId": "f02c9e34-e66e-4b58-b2da-59695346c737",
            "id": 872013817
          }]
        }
      },
      "uuid": "cf18a2b3-fa32-49b9-981f-b66b687b86e4"
    },
    {
      "email": "judy.madden@silodyne.com",
      "mojoinc": {
        "properties": {
          "managedBy": [{
            "clientId": "5e4def80-2bc7-49a8-b58c-741c956162b9",
            "id": 960145809
          }]
        }
      },
      "uuid": "5e14fa55-51b4-4549-bfc9-01f9288efd70"
    },
    {
      "email": "jennifer.wilcox@zoarere.com",
      "mojoinc": {
        "properties": {
          "managedBy": [{
            "clientId": "181ff53f-4b40-4d29-9433-e3abbde6c484",
            "id": 842208497
          }]
        }
      },
      "uuid": "a8a86c0d-ada0-4675-9b14-f957035f3b3a"
    },
    {
      "email": "krista.vazquez@duflex.com",
      "mojoinc": {
        "properties": {
          "managedBy": [{
            "clientId": "1c89a945-2e33-4a62-9154-bdcbc8601c96",
            "id": 276606671
          }]
        }
      },
      "uuid": "f5931acc-ca3d-4a4d-ac6e-aa33c6069519"
    },
    {
      "email": "maryanne.lara@accruex.com",
      "mojoinc": {
        "properties": {
          "managedBy": [{
            "clientId": "78ed5cb4-9b6d-4b59-9570-ec59400f2864",
            "id": 798248313
          }]
        }
      },
      "uuid": "189c80a2-142b-4d85-bb2f-02bc7fd64dc6"
    },
    {
      "email": "atkinson.cherry@eyeris.com",
      "mojoinc": {
        "properties": {
          "managedBy": [{
            "clientId": "fb6bee16-0123-4825-856f-3f1b17faf128",
            "id": 952351503
          }]
        }
      },
      "uuid": "977182ed-5c65-43d5-a7b6-92ff9bedadb1"
    },
    {
      "email": "dillon.daniels@sealoud.com",
      "mojoinc": {
        "properties": {
          "managedBy": [{
            "clientId": "b46b223b-efd7-45eb-89fd-ea3f2692d7cb",
            "id": 666928953
          }]
        }
      },
      "uuid": "945a3728-6b55-49fe-82af-61c76b3ff0bf"
    },
    {
      "email": "norman.skinner@enersave.com",
      "mojoinc": {
        "properties": {
          "managedBy": [{
            "clientId": "53a914c5-fbb5-442d-8692-e195d19ede34",
            "id": 678458997
          }]
        }
      },
      "uuid": "77dda47a-5a15-4b8c-9ca8-0f2767363540"
    },
    {
      "email": "guy.ballard@anacho.com",
      "mojoinc": {
        "properties": {
          "managedBy": [{
            "clientId": "4e039117-901b-4a85-b2d5-1e764922717a",
            "id": 229848975
          }]
        }
      },
      "uuid": "9f02b543-814f-4494-9b9f-bd1e7b7de63f"
    },
    {
      "email": "oneal.medina@surelogic.com",
      "mojoinc": {
        "properties": {
          "managedBy": [{
            "clientId": "f4ff0e31-e06a-4bce-811b-4691f472e655",
            "id": 534125859
          }]
        }
      },
      "uuid": "c3f8715d-a0a3-4a7c-b1dc-d85c8123ad87"
    },
    {
      "email": "gertrude.simpson@geekus.com",
      "mojoinc": {
        "properties": {
          "managedBy": [{
            "clientId": "c94059fd-6753-4801-b2d3-3ac11547283a",
            "id": 399382398
          }]
        }
      },
      "uuid": "9b08c578-33e7-4538-b794-92cc89032756"
    },
    {
      "email": "hays.hale@ezentia.com",
      "mojoinc": {
        "properties": {
          "managedBy": [{
            "clientId": "0933cc96-051b-48d4-8dea-3a389b57a3d3",
            "id": 638846869
          }]
        }
      },
      "uuid": "73c0a40a-b30e-403f-ac18-80a5db0f6a0d"
    },
    {
      "email": "meyers.hughes@geofarm.com",
      "mojoinc": {
        "properties": {
          "managedBy": [{
            "clientId": "d91667c8-b37d-40bf-a46d-9cfdd7922a4a",
            "id": 41878363
          }]
        }
      },
      "uuid": "60d82295-dea4-487e-9067-72e7cfad126a"
    },
    {
      "email": "debra.kirby@netplax.com",
      "mojoinc": {
        "properties": {
          "managedBy": [{
            "clientId": "b296c8c6-940c-42c2-9b69-41c9af9aab71",
            "id": 930045768
          }]
        }
      },
      "uuid": "40d0947a-326a-44cc-b3b9-7b8f5bece8a6"
    },
    {
      "email": "clayton.valenzuela@talkalot.com",
      "mojoinc": {
        "properties": {
          "managedBy": [{
            "clientId": "b8afba02-3cf2-40bb-a26a-65eb3a990fc6",
            "id": 821042304
          }]
        }
      },
      "uuid": "86d7cdb0-699d-4cb7-a89f-7583889fea9a"
    },
    {
      "email": "vera.calderon@blanet.com",
      "mojoinc": {
        "properties": {
          "managedBy": [{
            "clientId": "3827ab9c-5bc7-4209-80a2-48c14fa2e5ae",
            "id": 140961814
          }]
        }
      },
      "uuid": "a0305cd8-eb5b-40ca-9d12-862220cf1aab"
    },
    {
      "email": "mendez.hampton@moltonic.com",
      "mojoinc": {
        "properties": {
          "managedBy": [{
            "clientId": "8d58eba0-1afc-4c93-a669-9bac2eef3d95",
            "id": 615455505
          }]
        }
      },
      "uuid": "a9ffb7e0-55b3-4390-9e2a-914e720abdb6"
    },
    {
      "email": "zamora.warner@geostele.com",
      "mojoinc": {
        "properties": {
          "managedBy": [{
            "clientId": "1c7a58f3-0606-44a7-bb32-9d41cc7dcf08",
            "id": 33744826
          }]
        }
      },
      "uuid": "4d775710-f86f-4cd3-b7ba-480bd1a7277a"
    },
    {
      "email": "wilkerson.pugh@portico.com",
      "mojoinc": {
        "properties": {
          "managedBy": [{
            "clientId": "5dbcc221-4d81-4e58-a002-a55c6f717b0c",
            "id": 465711972
          }]
        }
      },
      "uuid": "08f51b0e-7919-4cdf-901f-584b7f94392a"
    },
    {
      "email": "davidson.gibbs@olympix.com",
      "mojoinc": {
        "properties": {
          "managedBy": [{
            "clientId": "68845a41-de0f-4bbf-90c6-005b4da27cd1",
            "id": 424888779
          }]
        }
      },
      "uuid": "93132c45-390c-4bf7-9e68-864e24bec921"
    },
    {
      "email": "arline.kane@geoform.com",
      "mojoinc": {
        "properties": {
          "managedBy": [{
            "clientId": "ed248fc6-ed5c-4dbf-b74a-77dd4d6d716a",
            "id": 919773025
          }]
        }
      },
      "uuid": "54c2ca28-0bca-423c-a074-cc4b1bce3283"
    },
    {
      "email": "brady.hutchinson@applica.com",
      "mojoinc": {
        "properties": {
          "managedBy": [{
            "clientId": "1340c6e0-3b28-4026-9da8-f227b4879270",
            "id": 82372999
          }]
        }
      },
      "uuid": "49d7faef-e843-4f46-b3cf-2808d6fc91ad"
    },
    {
      "email": "maxine.hudson@tingles.com",
      "mojoinc": {
        "properties": {
          "managedBy": [{
            "clientId": "8552c4a7-a386-4a6c-b6d8-0fbde4e99fa8",
            "id": 167333196
          }]
        }
      },
      "uuid": "f01522f4-7654-4ddb-b0a0-80353605a178"
    },
    {
      "email": "patrice.macias@xanide.com",
      "mojoinc": {
        "properties": {
          "managedBy": [{
            "clientId": "47640332-a57b-4817-a25a-b5c33f8d3986",
            "id": 319014636
          }]
        }
      },
      "uuid": "0e3c070b-c43c-44c3-834d-4683d2299d6a"
    },
    {
      "email": "leanne.gates@handshake.com",
      "mojoinc": {
        "properties": {
          "managedBy": [{
            "clientId": "f8e4f072-40c7-46c0-b526-c176f6fb76f0",
            "id": 521684287
          }]
        }
      },
      "uuid": "8439c40e-d518-4ec1-935b-e0144ebf6d2d"
    },
    {
      "email": "guzman.berry@nimon.com",
      "mojoinc": {
        "properties": {
          "managedBy": [{
            "clientId": "af3be983-86af-4a0c-acf4-462b2287648f",
            "id": 603336181
          }]
        }
      },
      "uuid": "fe9c8037-ed55-4e0c-8cbf-a366ae964aa1"
    },
    {
      "email": "gibbs.gaines@golistic.com",
      "mojoinc": {
        "properties": {
          "managedBy": [{
            "clientId": "0857021c-bd0a-4738-83b1-66f4f0d64deb",
            "id": 769694914
          }]
        }
      },
      "uuid": "b30071f5-9807-4a59-8da4-b641e4d57f68"
    },
    {
      "email": "amber.wynn@bittor.com",
      "mojoinc": {
        "properties": {
          "managedBy": [{
            "clientId": "d2c59411-cd7d-4a23-b481-8cd8f09bd6b0",
            "id": 536137676
          }]
        }
      },
      "uuid": "593992f5-00ab-4bda-9e6b-b88aeb73f795"
    },
    {
      "email": "hensley.blake@exoplode.com",
      "mojoinc": {
        "properties": {
          "managedBy": [{
            "clientId": "0f8043ae-775a-47b3-a37e-4099989e2aa0",
            "id": 383735873
          }]
        }
      },
      "uuid": "ba9b0581-3f20-4076-a25f-d86ee03ad8e7"
    },
    {
      "email": "barnes.lee@escenta.com",
      "mojoinc": {
        "properties": {
          "managedBy": [{
            "clientId": "54a3ff25-bce6-4ff7-8326-230c5d4d42a0",
            "id": 855219038
          }]
        }
      },
      "uuid": "b07287ae-660f-4452-b0b4-1588da09eba4"
    },
    {
      "email": "bullock.nixon@neurocell.com",
      "mojoinc": {
        "properties": {
          "managedBy": [{
            "clientId": "1ea584d2-a9b2-4478-8992-a4b43cd821aa",
            "id": 487996674
          }]
        }
      },
      "uuid": "4d03ba91-cb25-412b-abc8-3a5448b476da"
    },
    {
      "email": "yesenia.serrano@illumity.com",
      "mojoinc": {
        "properties": {
          "managedBy": [{
            "clientId": "95a82c92-df5c-4b95-8e42-e41dbd0e353f",
            "id": 509086190
          }]
        }
      },
      "uuid": "a8cbd7e2-cbfa-499c-af75-4a66fc8ac323"
    },
    {
      "email": "kane.cooper@zork.com",
      "mojoinc": {
        "properties": {
          "managedBy": [{
            "clientId": "78d1972a-7f80-45af-81af-db66977e2b38",
            "id": 656530719
          }]
        }
      },
      "uuid": "cb7f02c9-94cb-47b2-b00e-6d2fa937c804"
    },
    {
      "email": "vilma.landry@signity.com",
      "mojoinc": {
        "properties": {
          "managedBy": [{
            "clientId": "ade3678f-0856-4c9e-8ec3-542058001f3c",
            "id": 536161876
          }]
        }
      },
      "uuid": "7f15d540-ab76-4036-b37c-6f1f80bddf4d"
    },
    {
      "email": "lacy.mullins@andryx.com",
      "mojoinc": {
        "properties": {
          "managedBy": [{
            "clientId": "82e20b15-439c-411f-a1c2-18d9d463428f",
            "id": 457352010
          }]
        }
      },
      "uuid": "90106fb4-20ea-47a9-8da0-9986e831a81a"
    },
    {
      "email": "melisa.solis@cablam.com",
      "mojoinc": {
        "properties": {
          "managedBy": [{
            "clientId": "55cdbdea-da45-49a4-9eda-04488094eb62",
            "id": 600282028
          }]
        }
      },
      "uuid": "1c38584a-0458-48d3-9eb2-1f2ea17309cc"
    },
    {
      "email": "vargas.cote@pawnagra.com",
      "mojoinc": {
        "properties": {
          "managedBy": [{
            "clientId": "a9d2e4a7-d856-4023-9545-b1f4f5db97fd",
            "id": 37574596
          }]
        }
      },
      "uuid": "bb3811b2-1327-428e-b848-2aab0f482526"
    },
    {
      "email": "lucia.robbins@bezal.com",
      "mojoinc": {
        "properties": {
          "managedBy": [{
            "clientId": "d505add6-2223-430a-97ec-57bb5e888778",
            "id": 513427759
          }]
        }
      },
      "uuid": "38d74877-4e4c-4b36-9bfb-08ebfd9cda85"
    },
    {
      "email": "shields.mills@quarex.com",
      "mojoinc": {
        "properties": {
          "managedBy": [{
            "clientId": "934f8667-afdb-4898-97f8-7ff680e913e1",
            "id": 675894385
          }]
        }
      },
      "uuid": "e9280cec-c0b7-42f7-9d03-6a06888ca9ee"
    },
    {
      "email": "gilliam.mooney@exposa.com",
      "mojoinc": {
        "properties": {
          "managedBy": [{
            "clientId": "ba0ea304-c2f1-4e47-aa79-4ca60ed99be3",
            "id": 814086393
          }]
        }
      },
      "uuid": "a3fc937d-8f1d-4ade-8ece-76733fd5bfdd"
    },
    {
      "email": "madeline.lindsay@aquoavo.com",
      "mojoinc": {
        "properties": {
          "managedBy": [{
            "clientId": "b9565b90-15fa-4032-8e34-52aa354cc153",
            "id": 432823902
          }]
        }
      },
      "uuid": "86b405a4-baf3-47e3-97ec-e316cf170800"
    },
    {
      "email": "russell.buckley@mixers.com",
      "mojoinc": {
        "properties": {
          "managedBy": [{
            "clientId": "fe7d77aa-6ec6-4033-bfea-3a8d2d390ebd",
            "id": 120430799
          }]
        }
      },
      "uuid": "d1b2d3a8-c43e-4fd6-aed5-9edf0580694b"
    },
    {
      "email": "joyce.herrera@lotron.com",
      "mojoinc": {
        "properties": {
          "managedBy": [{
            "clientId": "9cbaf2da-7c22-49b3-b8ad-b096e0f758da",
            "id": 288650696
          }]
        }
      },
      "uuid": "da698d4d-058c-41d3-ba6d-4edc29927285"
    },
    {
      "email": "kinney.mason@halap.com",
      "mojoinc": {
        "properties": {
          "managedBy": [{
            "clientId": "137eea8e-885a-4abe-a7c8-bae0c5d8b89d",
            "id": 186410497
          }]
        }
      },
      "uuid": "e054ca3d-b87e-41d9-9a1b-3cbc654ee462"
    },
    {
      "email": "fischer.martinez@accidency.com",
      "mojoinc": {
        "properties": {
          "managedBy": [{
            "clientId": "9e203c34-7dce-4f68-b202-940f20bc34cf",
            "id": 883849132
          }]
        }
      },
      "uuid": "3cbca578-8bda-47f9-a367-41b9271e040a"
    },
    {
      "email": "bell.strong@comtours.com",
      "mojoinc": {
        "properties": {
          "managedBy": [{
            "clientId": "ad4818c8-14e6-4911-9a23-36a00001056c",
            "id": 710409504
          }]
        }
      },
      "uuid": "20820ce8-3c6d-4801-9aec-9add4a0da67f"
    },
    {
      "email": "chelsea.melton@tourmania.com",
      "mojoinc": {
        "properties": {
          "managedBy": [{
            "clientId": "6da24ac0-5eb1-4f96-81da-a47bf68e27d8",
            "id": 210069720
          }]
        }
      },
      "uuid": "804515f4-3f1c-4162-b8e0-ae8216d3784d"
    },
    {
      "email": "hinton.santana@avenetro.com",
      "mojoinc": {
        "properties": {
          "managedBy": [{
            "clientId": "e5072efb-efa9-4303-ad11-8580ea328af5",
            "id": 179076520
          }]
        }
      },
      "uuid": "b6cc635b-9540-471c-93a1-beb7ebde35d6"
    },
    {
      "email": "katie.kaufman@zaggles.com",
      "mojoinc": {
        "properties": {
          "managedBy": [{
            "clientId": "912695bd-adb7-40fc-86b0-5e3ce936d266",
            "id": 347916594
          }]
        }
      },
      "uuid": "18d9c2ee-2010-4f64-b7fa-6b383ec8bdf6"
    },
    {
      "email": "alexander.stanley@earthplex.com",
      "mojoinc": {
        "properties": {
          "managedBy": [{
            "clientId": "b5017e66-028b-4ed3-bbc4-b65c54e27423",
            "id": 785411200
          }]
        }
      },
      "uuid": "f04fe73f-c78a-4931-a252-954b991ce0f5"
    },
    {
      "email": "delia.owens@flyboyz.com",
      "mojoinc": {
        "properties": {
          "managedBy": [{
            "clientId": "7f987eb3-a023-4d31-80a2-af5a051b1f10",
            "id": 822169738
          }]
        }
      },
      "uuid": "a36d49a8-9362-4807-8f41-b0ef6742b115"
    },
    {
      "email": "odonnell.kerr@candecor.com",
      "mojoinc": {
        "properties": {
          "managedBy": [{
            "clientId": "6cb9d545-b8d8-4f5f-980e-157acc352208",
            "id": 983296237
          }]
        }
      },
      "uuid": "399f4319-daea-4c82-8877-225a0fd46629"
    },
    {
      "email": "sophia.byers@netplode.com",
      "mojoinc": {
        "properties": {
          "managedBy": [{
            "clientId": "5a1dbfb6-830d-4a64-8e74-18ffe4bf8f56",
            "id": 358513474
          }]
        }
      },
      "uuid": "cab43944-c029-4965-872e-ab2b0bf23e5f"
    },
    {
      "email": "fitzgerald.robles@maxemia.com",
      "mojoinc": {
        "properties": {
          "managedBy": [{
            "clientId": "560c5f23-afb9-4b32-85c8-d2cb5c6162cc",
            "id": 296700829
          }]
        }
      },
      "uuid": "23aedb4d-fe93-4c53-9041-3781b9735ef6"
    },
    {
      "email": "betty.carson@emtrac.com",
      "mojoinc": {
        "properties": {
          "managedBy": [{
            "clientId": "7389b260-dccd-4156-800f-eedf3bc00714",
            "id": 519578193
          }]
        }
      },
      "uuid": "3a86150c-cd76-47bf-93a8-8fc6d0cb9952"
    },
    {
      "email": "casey.adkins@zilladyne.com",
      "mojoinc": {
        "properties": {
          "managedBy": [{
            "clientId": "a46a40cc-7bb4-4234-8fd6-bc3a19c20aaa",
            "id": 232526490
          }]
        }
      },
      "uuid": "cca90ea4-9686-43fe-b59e-8dd4bd0a1144"
    },
    {
      "email": "emerson.morris@lovepad.com",
      "mojoinc": {
        "properties": {
          "managedBy": [{
            "clientId": "e21e897d-fee0-4c40-9427-b783a41c9c9d",
            "id": 171303917
          }]
        }
      },
      "uuid": "c6e2f73f-b573-484e-b33a-7f66929c5935"
    },
    {
      "email": "velazquez.whitley@multron.com",
      "mojoinc": {
        "properties": {
          "managedBy": [{
            "clientId": "113549c1-0dcd-4cd0-b830-149bca4b2fcb",
            "id": 527585302
          }]
        }
      },
      "uuid": "e4360ec5-a80b-4ec1-b36a-c38ded71f443"
    },
    {
      "email": "frank.knapp@translink.com",
      "mojoinc": {
        "properties": {
          "managedBy": [{
            "clientId": "151e6173-dfcb-4f09-86d9-82bd88eea272",
            "id": 851947896
          }]
        }
      },
      "uuid": "4e9f1da8-6d2d-4d4d-b758-d70c0cec2968"
    },
    {
      "email": "nichols.blackburn@inventure.com",
      "mojoinc": {
        "properties": {
          "managedBy": [{
            "clientId": "2c5dce3f-d94c-4a54-a496-8fbdb4ed4a1c",
            "id": 121793613
          }]
        }
      },
      "uuid": "8ba459b3-4ff2-49b6-b0c3-8c6b82db6b80"
    },
    {
      "email": "cora.horn@digial.com",
      "mojoinc": {
        "properties": {
          "managedBy": [{
            "clientId": "5eaa3c97-2da3-460c-8f3e-cd5ad626439a",
            "id": 886281576
          }]
        }
      },
      "uuid": "d4dc7160-e0b9-42b1-8427-90b594c1edca"
    }
  ],

  "stat": "ok"
}