{
  "result_count": 100,
  "results": [{
      "email": "nita.mcgee@webiotic.com",
      "mojoinc": {
        "properties": {
          "managedBy": [{
            "clientId": "0bfd6a2e-155f-4dbe-96ec-2f7118a8dcfe",
            "id": 569079647
          }]
        }
      },
      "uuid": "942f3dd4-0064-4ed1-813a-15a2815cae01"
    },
    {
      "email": "duffy.rogers@talendula.com",
      "mojoinc": {
        "properties": {
          "managedBy": [{
            "clientId": "a82abc49-194f-4eea-9321-5e4f3a297bfb",
            "id": 595510737
          }]
        }
      },
      "uuid": "2a07ba8e-5735-41ba-921b-b982214334da"
    },
    {
      "email": "zelma.bauer@minga.com",
      "mojoinc": {
        "properties": {
          "managedBy": [{
            "clientId": "3ea12708-c0c6-470f-9329-df390c5775e6",
            "id": 192886817
          }]
        }
      },
      "uuid": "77506a66-bf95-4b75-a92c-b1577ffd27fb"
    },
    {
      "email": "jackie.howell@printspan.com",
      "mojoinc": {
        "properties": {
          "managedBy": [{
            "clientId": "6142e6ee-6177-4b59-b716-66b607dd2b08",
            "id": 132925889
          }]
        }
      },
      "uuid": "cbf96a0c-b16b-430a-8497-e4f2d6a30524"
    },
    {
      "email": "kathie.gentry@verton.com",
      "mojoinc": {
        "properties": {
          "managedBy": [{
            "clientId": "f6bdf6bd-b05d-4da6-bef8-015a41b073ed",
            "id": 753583540
          }]
        }
      },
      "uuid": "3897f2ea-1e3d-46ce-9bfa-01c65916401a"
    },
    {
      "email": "elsa.brock@cosmosis.com",
      "mojoinc": {
        "properties": {
          "managedBy": [{
            "clientId": "5d8996b8-5872-4be3-af0a-614b3fbe5b63",
            "id": 993932326
          }]
        }
      },
      "uuid": "5765b7bd-f6df-4099-9e3c-a0e4da8011e0"
    },
    {
      "email": "tate.leach@ovolo.com",
      "mojoinc": {
        "properties": {
          "managedBy": [{
            "clientId": "6657a586-b072-4659-a0d1-63b3e8682495",
            "id": 735104721
          }]
        }
      },
      "uuid": "80d1394b-b289-4e3a-af4f-82675660ccf5"
    },
    {
      "email": "mann.guzman@intradisk.com",
      "mojoinc": {
        "properties": {
          "managedBy": [{
            "clientId": "67aaaa02-8652-4fe4-87fa-99b8ca1ebd52",
            "id": 673826400
          }]
        }
      },
      "uuid": "bcfff9dc-2186-44e1-b42b-ec955195674f"
    },
    {
      "email": "vivian.zimmerman@brainclip.com",
      "mojoinc": {
        "properties": {
          "managedBy": [{
            "clientId": "7bd4430b-7089-4ded-ba39-2150c2b8bfd9",
            "id": 646635492
          }]
        }
      },
      "uuid": "3a866e0a-7746-4109-ab2c-e3e61d10fade"
    },
    {
      "email": "debora.knapp@plasto.com",
      "mojoinc": {
        "properties": {
          "managedBy": [{
            "clientId": "5dcb0733-468a-4a2f-9b40-999123e091aa",
            "id": 135049705
          }]
        }
      },
      "uuid": "88642f8f-7081-4510-a537-eed1bb41e7db"
    },
    {
      "email": "queen.good@frosnex.com",
      "mojoinc": {
        "properties": {
          "managedBy": [{
            "clientId": "0f655bc2-af6b-441a-b0bb-61895fe13f21",
            "id": 525844949
          }]
        }
      },
      "uuid": "b6fed4ec-8971-4d3c-832c-89136c649f92"
    },
    {
      "email": "rosalind.harrison@comstruct.com",
      "mojoinc": {
        "properties": {
          "managedBy": [{
            "clientId": "943e6143-47c1-4cc9-b3ef-dbc6027dd46d",
            "id": 903424196
          }]
        }
      },
      "uuid": "003525bc-8d1e-4f44-9e6e-c8bae344e009"
    },
    {
      "email": "dena.knowles@globoil.com",
      "mojoinc": {
        "properties": {
          "managedBy": [{
            "clientId": "994db565-d706-4ace-a936-9a3e378de4b7",
            "id": 361791804
          }]
        }
      },
      "uuid": "7f09d021-ff3a-4d27-9f1e-5a835127fed6"
    },
    {
      "email": "knowles.mcdonald@extrawear.com",
      "mojoinc": {
        "properties": {
          "managedBy": [{
            "clientId": "c17cb3d2-878c-49b0-b3a4-3ffa5168be64",
            "id": 93551185
          }]
        }
      },
      "uuid": "febff5f1-21a1-42d6-8b40-edbf313aacba"
    },
    {
      "email": "wall.woodward@bunga.com",
      "mojoinc": {
        "properties": {
          "managedBy": [{
            "clientId": "ade89d90-3038-4eaa-8b6b-b242fad1f1c7",
            "id": 569594415
          }]
        }
      },
      "uuid": "18298fd5-2678-4add-959c-fd0f024b6df1"
    },
    {
      "email": "hardy.daniel@bleeko.com",
      "mojoinc": {
        "properties": {
          "managedBy": [{
            "clientId": "01c7a4f0-d3b3-4033-a7dc-e5cb7ac3a46e",
            "id": 514825706
          }]
        }
      },
      "uuid": "0961585c-a371-4a54-b3af-f4adc6200b08"
    },
    {
      "email": "aisha.andrews@virva.com",
      "mojoinc": {
        "properties": {
          "managedBy": [{
            "clientId": "f4aa08be-1a89-4fdb-ad60-d3f9152ba409",
            "id": 402197490
          }]
        }
      },
      "uuid": "bd154fcd-8e8c-47f0-8d97-64838d5a94c3"
    },
    {
      "email": "quinn.thornton@zolarex.com",
      "mojoinc": {
        "properties": {
          "managedBy": [{
            "clientId": "fc7cc157-5a9e-4afa-8b78-6bcd637d68dd",
            "id": 216574744
          }]
        }
      },
      "uuid": "05a07c64-409e-4023-b9c5-eb27ed60acb0"
    },
    {
      "email": "moran.henson@neurocell.com",
      "mojoinc": {
        "properties": {
          "managedBy": [{
            "clientId": "88081049-ed3f-4c03-9109-2fc2930b1ca6",
            "id": 285989760
          }]
        }
      },
      "uuid": "c79ff7c6-7e43-4315-85c2-5172ef0fa0c7"
    },
    {
      "email": "murphy.guerrero@cedward.com",
      "mojoinc": {
        "properties": {
          "managedBy": [{
            "clientId": "27ad163d-af3b-466a-a9fd-90ca9e167d66",
            "id": 917356470
          }]
        }
      },
      "uuid": "295b52f1-ca3c-4002-b7c6-d748c9feab7f"
    },
    {
      "email": "catherine.dorsey@gushkool.com",
      "mojoinc": {
        "properties": {
          "managedBy": [{
            "clientId": "9f519d91-14b9-4f23-9f48-6133f7c4d693",
            "id": 872478133
          }]
        }
      },
      "uuid": "8d96a45e-3b25-4289-89c5-0a5f74817937"
    },
    {
      "email": "rowland.lara@arctiq.com",
      "mojoinc": {
        "properties": {
          "managedBy": [{
            "clientId": "43fd4fe1-b167-4185-bcee-87fe52fcbba2",
            "id": 881126470
          }]
        }
      },
      "uuid": "1a4bd8ab-50b6-42bc-8722-5ec1abf8800c"
    },
    {
      "email": "mack.newton@nutralab.com",
      "mojoinc": {
        "properties": {
          "managedBy": [{
            "clientId": "a8a92ef3-2c5f-4151-b75c-072844172097",
            "id": 651225074
          }]
        }
      },
      "uuid": "d38c6815-d9ff-4a53-9ea8-52933ed533ec"
    },
    {
      "email": "yates.gallagher@plasmos.com",
      "mojoinc": {
        "properties": {
          "managedBy": [{
            "clientId": "21611405-2dbd-4a49-b086-bcbc696ba939",
            "id": 149218215
          }]
        }
      },
      "uuid": "bc8ff510-37ef-499f-b983-2ff42501a6a6"
    },
    {
      "email": "johanna.frye@bluegrain.com",
      "mojoinc": {
        "properties": {
          "managedBy": [{
            "clientId": "3b4cc9f1-3d23-463c-b94c-ca8c185429cc",
            "id": 136999782
          }]
        }
      },
      "uuid": "6fb11e38-d2af-4f47-949a-72734e85a49f"
    },
    {
      "email": "carmella.singleton@mangelica.com",
      "mojoinc": {
        "properties": {
          "managedBy": [{
            "clientId": "6ff72a40-856c-4d7d-a450-7dc3093deedb",
            "id": 905893112
          }]
        }
      },
      "uuid": "76d1fb2a-e682-403f-ab4e-9294295b09ee"
    },
    {
      "email": "jarvis.booker@emtrac.com",
      "mojoinc": {
        "properties": {
          "managedBy": [{
            "clientId": "395ad0ab-dd79-4e1a-b2c2-80dfee4c93be",
            "id": 96632302
          }]
        }
      },
      "uuid": "855850de-2dbd-4a09-9964-659cc69ca130"
    },
    {
      "email": "luella.clemons@radiantix.com",
      "mojoinc": {
        "properties": {
          "managedBy": [{
            "clientId": "d6233498-5b41-4a99-bfa6-631b59b81ed8",
            "id": 238145663
          }]
        }
      },
      "uuid": "498d84c0-6db5-4d43-b096-b3bf9066f09c"
    },
    {
      "email": "copeland.griffith@xelegyl.com",
      "mojoinc": {
        "properties": {
          "managedBy": [{
            "clientId": "5a13545a-ad49-4d4a-adbc-dce2baa4e3e9",
            "id": 40443629
          }]
        }
      },
      "uuid": "252d3c5a-dfb5-48c3-b1d6-181a8969364f"
    },
    {
      "email": "hillary.santiago@cablam.com",
      "mojoinc": {
        "properties": {
          "managedBy": [{
            "clientId": "452111e2-0aec-4cc2-900b-767db20c2f3f",
            "id": 858501672
          }]
        }
      },
      "uuid": "b88f928f-2b4b-476b-8ac0-479e7e34d5c7"
    },
    {
      "email": "preston.vega@chorizon.com",
      "mojoinc": {
        "properties": {
          "managedBy": [{
            "clientId": "eee81542-c3c7-46d7-adc6-a7cb8b6c59a0",
            "id": 780386987
          }]
        }
      },
      "uuid": "7fa3971d-7f2d-40e7-a97c-7bcb72aed5bf"
    },
    {
      "email": "jimenez.cole@jasper.com",
      "mojoinc": {
        "properties": {
          "managedBy": [{
            "clientId": "46448203-2d8f-4a5a-adca-4f9850a7826f",
            "id": 30562262
          }]
        }
      },
      "uuid": "51a893a9-ea18-4e2b-9f62-b5a094773640"
    },
    {
      "email": "jamie.cochran@zboo.com",
      "mojoinc": {
        "properties": {
          "managedBy": [{
            "clientId": "45c564ac-c47b-4ada-b0eb-a6f663403d30",
            "id": 405657804
          }]
        }
      },
      "uuid": "5f509093-3a1e-455f-ac53-4178a236a90b"
    },
    {
      "email": "kelley.knox@insuron.com",
      "mojoinc": {
        "properties": {
          "managedBy": [{
            "clientId": "31b00bec-9ccf-41c6-8399-1a3b958ce2b2",
            "id": 426106096
          }]
        }
      },
      "uuid": "47101fa4-d9b4-47e3-9e1b-fa0749edbdee"
    },
    {
      "email": "yesenia.shepherd@zytrek.com",
      "mojoinc": {
        "properties": {
          "managedBy": [{
            "clientId": "556da00b-18d9-4538-983f-79592afa813b",
            "id": 597124563
          }]
        }
      },
      "uuid": "fc2c7ce4-7e04-4cfb-a617-a47995cfcf07"
    },
    {
      "email": "carissa.winters@harmoney.com",
      "mojoinc": {
        "properties": {
          "managedBy": [{
            "clientId": "c2b7e922-34c5-4f80-a727-d176f1a0eea8",
            "id": 350438569
          }]
        }
      },
      "uuid": "91d65647-b358-46af-8d71-48b335bfdd9c"
    },
    {
      "email": "bettie.dyer@prosely.com",
      "mojoinc": {
        "properties": {
          "managedBy": [{
            "clientId": "d537a69b-b3a3-4a68-9288-56dc3bdd1454",
            "id": 697778930
          }]
        }
      },
      "uuid": "136942a9-8655-45d2-88e2-37201bd56204"
    },
    {
      "email": "suzette.edwards@tersanki.com",
      "mojoinc": {
        "properties": {
          "managedBy": [{
            "clientId": "b6126e62-2f58-4ef2-a97a-e7e548c0082f",
            "id": 338065715
          }]
        }
      },
      "uuid": "8bc37212-d896-4f15-86a9-8532d3ca5515"
    },
    {
      "email": "holmes.sherman@phuel.com",
      "mojoinc": {
        "properties": {
          "managedBy": [{
            "clientId": "8a689d4d-35fe-4304-b7a2-01be0262f25c",
            "id": 387178547
          }]
        }
      },
      "uuid": "c2a058c1-45f3-4703-9658-c2997bee58ce"
    },
    {
      "email": "lawson.maynard@shepard.com",
      "mojoinc": {
        "properties": {
          "managedBy": [{
            "clientId": "1ab60e18-f5a3-4753-a0ab-4feffba1324d",
            "id": 91332628
          }]
        }
      },
      "uuid": "4cb40ea4-2b99-4111-90f9-5cc7750c33bb"
    },
    {
      "email": "dale.hernandez@diginetic.com",
      "mojoinc": {
        "properties": {
          "managedBy": [{
            "clientId": "c18323f7-a6dc-4881-9db2-83fbb7992b38",
            "id": 795889188
          }]
        }
      },
      "uuid": "9c1b9f18-61f7-4e22-81fa-e63906383e3d"
    },
    {
      "email": "megan.fuller@avit.com",
      "mojoinc": {
        "properties": {
          "managedBy": [{
            "clientId": "38bc0e03-5470-4412-8d8a-5eb4a8895fbf",
            "id": 377979886
          }]
        }
      },
      "uuid": "99e78602-585e-4912-bfa5-016b3ec1ad0b"
    },
    {
      "email": "brown.odonnell@medesign.com",
      "mojoinc": {
        "properties": {
          "managedBy": [{
            "clientId": "ffde4972-18ef-4a4e-8bab-083d1d8e9605",
            "id": 644992520
          }]
        }
      },
      "uuid": "a50e2e41-935d-42a7-aaaa-8c1a78dfc84a"
    },
    {
      "email": "shawna.luna@rodeocean.com",
      "mojoinc": {
        "properties": {
          "managedBy": [{
            "clientId": "02872503-cf0a-4896-a7f5-7e3d944778fd",
            "id": 156974665
          }]
        }
      },
      "uuid": "f9a5403a-8b86-476e-8157-68cbcea0e3b3"
    },
    {
      "email": "lorie.cooley@bovis.com",
      "mojoinc": {
        "properties": {
          "managedBy": [{
            "clientId": "5e4df88c-18a1-4c39-a4be-553edd34e780",
            "id": 456559496
          }]
        }
      },
      "uuid": "b8141786-a480-4961-a8f0-4af51f28f438"
    },
    {
      "email": "franklin.buck@conferia.com",
      "mojoinc": {
        "properties": {
          "managedBy": [{
            "clientId": "f7412311-27b6-462d-981b-7347c617c2e5",
            "id": 445812047
          }]
        }
      },
      "uuid": "a0677355-5423-4f18-b690-4ac2c2e8f10e"
    },
    {
      "email": "lorena.carroll@shopabout.com",
      "mojoinc": {
        "properties": {
          "managedBy": [{
            "clientId": "ce5b5608-0638-448d-a8df-c0cc0342182f",
            "id": 529353406
          }]
        }
      },
      "uuid": "5fba59ad-e654-4338-b509-85f48882a8ff"
    },
    {
      "email": "ross.key@letpro.com",
      "mojoinc": {
        "properties": {
          "managedBy": [{
            "clientId": "a4ac9220-8faf-4da0-ba49-aa0398b16c80",
            "id": 347318863
          }]
        }
      },
      "uuid": "fea7f0e8-002e-4689-85ec-822089338685"
    },
    {
      "email": "hanson.mcfadden@snacktion.com",
      "mojoinc": {
        "properties": {
          "managedBy": [{
            "clientId": "873ecaac-0d69-4be1-975f-7fef2ea21d87",
            "id": 79970521
          }]
        }
      },
      "uuid": "e9b4ae0c-aa1b-40b4-82e8-486432542171"
    },
    {
      "email": "lawanda.fischer@lovepad.com",
      "mojoinc": {
        "properties": {
          "managedBy": [{
            "clientId": "050deea7-4574-4240-a9c3-ae5cf8857ab2",
            "id": 420060722
          }]
        }
      },
      "uuid": "d82854ba-1be3-40b1-b715-1269a83eb489"
    },
    {
      "email": "valeria.joyce@jumpstack.com",
      "mojoinc": {
        "properties": {
          "managedBy": [{
            "clientId": "43b9453d-a092-47c7-9d99-cb1dda13c055",
            "id": 300928537
          }]
        }
      },
      "uuid": "ddf49907-bb9a-49db-ab71-03f5614b75ab"
    },
    {
      "email": "concepcion.floyd@coash.com",
      "mojoinc": {
        "properties": {
          "managedBy": [{
            "clientId": "24eab776-95c8-4306-899f-5e4409c29179",
            "id": 382780562
          }]
        }
      },
      "uuid": "25b598fd-be8e-4aa9-9e13-f246a77c6a41"
    },
    {
      "email": "myrna.ewing@fuelton.com",
      "mojoinc": {
        "properties": {
          "managedBy": [{
            "clientId": "74450e38-fdab-4cc0-9dd2-2871cc6a027b",
            "id": 158833280
          }]
        }
      },
      "uuid": "41f4aa54-c4ba-44ea-932f-c86834bdb059"
    },
    {
      "email": "holt.west@plasmox.com",
      "mojoinc": {
        "properties": {
          "managedBy": [{
            "clientId": "abfa6a1e-82f8-47ea-b980-f8d42cee71e8",
            "id": 986126450
          }]
        }
      },
      "uuid": "7c6bf818-f1ae-4bd4-8706-55901ef660be"
    },
    {
      "email": "susanne.hendrix@centrexin.com",
      "mojoinc": {
        "properties": {
          "managedBy": [{
            "clientId": "3c13b0bc-5541-4451-aefb-f6f337cac7b5",
            "id": 152310189
          }]
        }
      },
      "uuid": "083b59ad-8aab-40a2-be7c-a16ecc08502f"
    },
    {
      "email": "gordon.jefferson@zillanet.com",
      "mojoinc": {
        "properties": {
          "managedBy": [{
            "clientId": "d33f38f0-65f7-42ae-aacc-37a4b96eb337",
            "id": 125900480
          }]
        }
      },
      "uuid": "c2756fcd-f6a9-47e3-94f5-0eb32cb8f6cb"
    },
    {
      "email": "allison.peck@apex.com",
      "mojoinc": {
        "properties": {
          "managedBy": [{
            "clientId": "39b60ed1-4b86-4bad-8380-e6e77dc98b15",
            "id": 675806001
          }]
        }
      },
      "uuid": "998769b0-2630-4589-9a6a-7345ef101ecb"
    },
    {
      "email": "walsh.morse@xumonk.com",
      "mojoinc": {
        "properties": {
          "managedBy": [{
            "clientId": "b4fe1f66-f11e-41fa-8077-405e37e40a50",
            "id": 123271507
          }]
        }
      },
      "uuid": "0da96aa1-f9e7-4116-817a-d8f96208ea18"
    },
    {
      "email": "rebekah.kaufman@isonus.com",
      "mojoinc": {
        "properties": {
          "managedBy": [{
            "clientId": "13376c73-2697-4330-aa8d-142a249f87ca",
            "id": 197569096
          }]
        }
      },
      "uuid": "551a9eba-be39-44eb-925e-1d304def7259"
    },
    {
      "email": "lilia.sloan@pivitol.com",
      "mojoinc": {
        "properties": {
          "managedBy": [{
            "clientId": "8b51e06b-a26c-49f8-b67e-94c99faa8034",
            "id": 830769494
          }]
        }
      },
      "uuid": "192ab74c-81ec-4295-971d-c68a33b350e1"
    },
    {
      "email": "hendricks.huff@zyple.com",
      "mojoinc": {
        "properties": {
          "managedBy": [{
            "clientId": "10048aa9-48be-4a93-8a8c-da6052aa0d81",
            "id": 835954743
          }]
        }
      },
      "uuid": "cd5f5c0c-4029-4366-86a3-3ac4de5e3560"
    },
    {
      "email": "christa.hickman@comveyer.com",
      "mojoinc": {
        "properties": {
          "managedBy": [{
            "clientId": "690f2900-f0b2-4fa8-9043-fdd469755572",
            "id": 337381671
          }]
        }
      },
      "uuid": "b19352bf-9b09-4781-92dd-8bbc64e37798"
    },
    {
      "email": "kathryn.parks@stockpost.com",
      "mojoinc": {
        "properties": {
          "managedBy": [{
            "clientId": "faf04b6b-fc4e-4ff8-9302-e675c0408f25",
            "id": 909216748
          }]
        }
      },
      "uuid": "66e9336f-4ca9-48d8-b30a-adcc3dc7fe75"
    },
    {
      "email": "mandy.velasquez@skyplex.com",
      "mojoinc": {
        "properties": {
          "managedBy": [{
            "clientId": "43ed9e9c-cb90-4533-af22-3cacbcafdb16",
            "id": 560405937
          }]
        }
      },
      "uuid": "243c649c-0016-462e-94cf-77b906637c01"
    },
    {
      "email": "savage.hartman@candecor.com",
      "mojoinc": {
        "properties": {
          "managedBy": [{
            "clientId": "dec59fa5-3d33-432b-8e08-e99eba942d86",
            "id": 92535224
          }]
        }
      },
      "uuid": "0f4b08ea-64c8-422b-81d3-4b246d908053"
    },
    {
      "email": "powers.potts@songbird.com",
      "mojoinc": {
        "properties": {
          "managedBy": [{
            "clientId": "2fdbb3ab-1c92-4c28-9cb6-f8c8c7a6fc2e",
            "id": 123787513
          }]
        }
      },
      "uuid": "40e7be9a-90b1-49b2-a5c4-485275ca50b0"
    },
    {
      "email": "julie.burnett@zytrax.com",
      "mojoinc": {
        "properties": {
          "managedBy": [{
            "clientId": "bef80196-7068-44f3-ad1c-e59c9c2f443b",
            "id": 601447232
          }]
        }
      },
      "uuid": "9690feb8-ccdd-4ca4-bbe9-3608710555f5"
    },
    {
      "email": "kristina.parker@combogen.com",
      "mojoinc": {
        "properties": {
          "managedBy": [{
            "clientId": "b77bfdf4-6aee-41fe-bfc7-9cd301cb43eb",
            "id": 654923343
          }]
        }
      },
      "uuid": "710beb92-e144-43f2-85a8-567d0846e59b"
    },
    {
      "email": "patel.dillard@waretel.com",
      "mojoinc": {
        "properties": {
          "managedBy": [{
            "clientId": "e6961b44-0bbe-4ecb-b04e-1b04de386b0d",
            "id": 670912058
          }]
        }
      },
      "uuid": "6876edd0-2273-4e5a-8ff2-db87781b4839"
    },
    {
      "email": "mckenzie.macdonald@jimbies.com",
      "mojoinc": {
        "properties": {
          "managedBy": [{
            "clientId": "8ea6f91f-29d8-4d8b-bb5d-5a0c0c755193",
            "id": 970418957
          }]
        }
      },
      "uuid": "c1b7bb3e-6c8b-4660-9bb2-01d5263f0461"
    },
    {
      "email": "pam.melton@retrotex.com",
      "mojoinc": {
        "properties": {
          "managedBy": [{
            "clientId": "3335bf38-b8c4-476a-9c47-59abda865f10",
            "id": 826925212
          }]
        }
      },
      "uuid": "22d7999d-d2e0-4e95-8843-ab270bc17a35"
    },
    {
      "email": "wiley.joyner@sonique.com",
      "mojoinc": {
        "properties": {
          "managedBy": [{
            "clientId": "99fa0e16-3119-4147-a8f5-e461769e4d43",
            "id": 37228639
          }]
        }
      },
      "uuid": "94c94e97-17ef-4331-a7c6-2943d8865a6e"
    },
    {
      "email": "morrison.mendez@geoform.com",
      "mojoinc": {
        "properties": {
          "managedBy": [{
            "clientId": "ab5a6e55-b994-4cca-8a01-f32404288123",
            "id": 636569056
          }]
        }
      },
      "uuid": "ed6d68ab-5f12-49ca-817b-9f21b6fc8485"
    },
    {
      "email": "hicks.best@extragen.com",
      "mojoinc": {
        "properties": {
          "managedBy": [{
            "clientId": "b0a79fa7-cee0-4cf4-8c63-2e613da65652",
            "id": 858376074
          }]
        }
      },
      "uuid": "0780b011-97ae-4e6f-8aa5-115d3889013c"
    },
    {
      "email": "massey.trujillo@geofarm.com",
      "mojoinc": {
        "properties": {
          "managedBy": [{
            "clientId": "cdf50b2d-100b-4281-96a9-d88f6d42d495",
            "id": 881798523
          }]
        }
      },
      "uuid": "c9edb6f3-443e-4ed3-9d71-85a6ce996c48"
    },
    {
      "email": "singleton.cruz@genesynk.com",
      "mojoinc": {
        "properties": {
          "managedBy": [{
            "clientId": "4ad63a63-fb49-4536-9b9c-c4cbf7ad8664",
            "id": 999814658
          }]
        }
      },
      "uuid": "2aa3f8f9-ca8d-4e38-bf33-b344fe107d5e"
    },
    {
      "email": "wilkinson.bray@koogle.com",
      "mojoinc": {
        "properties": {
          "managedBy": [{
            "clientId": "bba0fab1-9a65-43ae-b06e-26dd644d1c7c",
            "id": 957859604
          }]
        }
      },
      "uuid": "424a5aaa-b7f5-42ef-848b-afc97b4c88ad"
    },
    {
      "email": "fletcher.yates@exposa.com",
      "mojoinc": {
        "properties": {
          "managedBy": [{
            "clientId": "19432112-77ae-460b-8f64-c4635ee74632",
            "id": 391011339
          }]
        }
      },
      "uuid": "2ca5bf46-ddcd-452c-8ec5-d7c9cf2432ec"
    },
    {
      "email": "mary.lamb@geekology.com",
      "mojoinc": {
        "properties": {
          "managedBy": [{
            "clientId": "c084c082-bd92-4081-a22d-7bc02053756d",
            "id": 57222264
          }]
        }
      },
      "uuid": "e1957587-fd0b-4b67-8391-9cd93632ad1a"
    },
    {
      "email": "langley.hampton@isologics.com",
      "mojoinc": {
        "properties": {
          "managedBy": [{
            "clientId": "5883ace8-8e9b-4191-a872-2682da814fa5",
            "id": 308163730
          }]
        }
      },
      "uuid": "b1377a9c-22c2-4a92-8ee7-6a8a40d1ed3e"
    },
    {
      "email": "mckay.hess@imperium.com",
      "mojoinc": {
        "properties": {
          "managedBy": [{
            "clientId": "9f45b0d0-7ebb-45c1-b458-2f607a89dcbf",
            "id": 248619730
          }]
        }
      },
      "uuid": "0683eb62-d765-4512-b6d2-1968434ce5ec"
    },
    {
      "email": "freeman.watkins@zillidium.com",
      "mojoinc": {
        "properties": {
          "managedBy": [{
            "clientId": "1631bcdf-5a67-41f6-83c7-4cd3f6a258a6",
            "id": 664250156
          }]
        }
      },
      "uuid": "d88e1f1c-3ed0-41e1-8b48-14261d5e9b05"
    },
    {
      "email": "johnson.acosta@comcubine.com",
      "mojoinc": {
        "properties": {
          "managedBy": [{
            "clientId": "5b0b97d3-878b-421c-9f40-88bdc2ca04b3",
            "id": 55728359
          }]
        }
      },
      "uuid": "925b5cfc-ea12-4316-9baa-d3a933584006"
    },
    {
      "email": "lindsay.taylor@poshome.com",
      "mojoinc": {
        "properties": {
          "managedBy": [{
            "clientId": "b92083dc-2880-4242-bdae-fa65249d35bd",
            "id": 707250578
          }]
        }
      },
      "uuid": "c3970f5d-fa3a-4cfe-b4ef-be79fcd7db42"
    },
    {
      "email": "hendrix.mayer@undertap.com",
      "mojoinc": {
        "properties": {
          "managedBy": [{
            "clientId": "558b61a1-0e47-4931-bb68-5f71d1fd2f34",
            "id": 316595524
          }]
        }
      },
      "uuid": "ffac3ac7-e2e5-48f9-8e06-7e4b2d149410"
    },
    {
      "email": "oconnor.moore@ramjob.com",
      "mojoinc": {
        "properties": {
          "managedBy": [{
            "clientId": "af0c9d1d-972d-4f72-bb61-60d6013b8cda",
            "id": 727970649
          }]
        }
      },
      "uuid": "2d13dc9d-37fe-47f9-a465-77e5f6186215"
    },
    {
      "email": "becker.wooten@fossiel.com",
      "mojoinc": {
        "properties": {
          "managedBy": [{
            "clientId": "33b5654b-15b0-4218-abe6-8ef2cb712388",
            "id": 524975572
          }]
        }
      },
      "uuid": "81562a80-074f-4fb0-8819-4ecf8a21f778"
    },
    {
      "email": "whitney.riddle@filodyne.com",
      "mojoinc": {
        "properties": {
          "managedBy": [{
            "clientId": "f0170f4c-b5ad-45f5-b339-86e3352d7e56",
            "id": 374899191
          }]
        }
      },
      "uuid": "af05a76b-2ddc-477c-b95d-a0743d689c2f"
    },
    {
      "email": "angeline.mckee@locazone.com",
      "mojoinc": {
        "properties": {
          "managedBy": [{
            "clientId": "c11e5a78-ab8d-4e79-9806-78f9fe849d19",
            "id": 498598489
          }]
        }
      },
      "uuid": "0c710994-3f6b-485f-83d0-3bebe7b54cc8"
    },
    {
      "email": "osborne.levy@bedder.com",
      "mojoinc": {
        "properties": {
          "managedBy": [{
            "clientId": "c286cd9e-2846-4299-bed2-3a08bd9ec966",
            "id": 746177529
          }]
        }
      },
      "uuid": "f08388f9-845a-4ddf-a871-fb57c53c96d2"
    },
    {
      "email": "maricela.carey@telepark.com",
      "mojoinc": {
        "properties": {
          "managedBy": [{
            "clientId": "71bbb35e-f33d-4bc2-be7f-68bdbef2d250",
            "id": 816159545
          }]
        }
      },
      "uuid": "2a0941ed-4b33-428d-a8e9-1979cc8ad0c1"
    },
    {
      "email": "gloria.poole@kiosk.com",
      "mojoinc": {
        "properties": {
          "managedBy": [{
            "clientId": "9e6f0a45-fb71-4480-8d39-de8ebed0eb8c",
            "id": 753535280
          }]
        }
      },
      "uuid": "deab9b5c-fed6-4f58-a735-f630b9e13744"
    },
    {
      "email": "stacie.rodriquez@vetron.com",
      "mojoinc": {
        "properties": {
          "managedBy": [{
            "clientId": "15c9c017-afad-44b3-9f69-4766b2d01c7b",
            "id": 767095839
          }]
        }
      },
      "uuid": "5ab7b859-ab72-48cc-954e-be2722a777f3"
    },
    {
      "email": "yang.deleon@futuris.com",
      "mojoinc": {
        "properties": {
          "managedBy": [{
            "clientId": "4c7ac182-658c-482d-86ce-e7becc6362e0",
            "id": 309355035
          }]
        }
      },
      "uuid": "b1841949-8832-4e51-809f-03a367b2bc07"
    },
    {
      "email": "hoffman.justice@blurrybus.com",
      "mojoinc": {
        "properties": {
          "managedBy": [{
            "clientId": "072fb0e3-f1c4-4db3-a29c-5df96a95008a",
            "id": 14201231
          }]
        }
      },
      "uuid": "7648e973-f669-405c-994e-b70c0c6cae02"
    },
    {
      "email": "coleman.sampson@quarmony.com",
      "mojoinc": {
        "properties": {
          "managedBy": [{
            "clientId": "7b74e2bc-bfd8-4644-a244-df88fe508ad7",
            "id": 321194562
          }]
        }
      },
      "uuid": "a05f4fce-a4dd-4c43-88b7-27182f230951"
    },
    {
      "email": "cleo.olson@niquent.com",
      "mojoinc": {
        "properties": {
          "managedBy": [{
            "clientId": "98d9fc46-5139-461b-8931-31e49348cd5a",
            "id": 594334438
          }]
        }
      },
      "uuid": "de7b84b7-c55b-4024-9a67-5932007e5ec1"
    },
    {
      "email": "virginia.wilder@enerforce.com",
      "mojoinc": {
        "properties": {
          "managedBy": [{
            "clientId": "073d94ea-8f45-4182-9c5b-6280d399d6aa",
            "id": 656805450
          }]
        }
      },
      "uuid": "d65ac0af-a401-46e1-8df6-2d0a20e4ff36"
    },
    {
      "email": "day.miranda@olucore.com",
      "mojoinc": {
        "properties": {
          "managedBy": [{
            "clientId": "42e50361-7bd0-486b-a3eb-a9572e22b1dc",
            "id": 719228724
          }]
        }
      },
      "uuid": "0ad49dbe-6b90-44a6-b540-499434282a4a"
    },
    {
      "email": "rhea.chavez@stucco.com",
      "mojoinc": {
        "properties": {
          "managedBy": [{
            "clientId": "21a57ab1-f393-4545-b3e0-5d3fdaad88fc",
            "id": 575731555
          }]
        }
      },
      "uuid": "0ee58faf-ce62-4914-b48c-9352f54fdb43"
    }
  ],
  "stat": "ok"
}