{
  "person": "Donald Trump",
  "name": "Donald Trump",
  "position": "President of the united states",
  "img": "img/trump_logo_200x200.png",
  "link": "https://www.google.fr/search?q=Donald Trump",
  "children": [{
    "person": "#GUESTS & UFO",
    "name": "#GUESTS&UFO",
    "position": "UFO, Technocrat, Global warming skeptic",
    "link": "https://www.google.fr/search?q=UFO, Technocrat, Global warming skeptic",
    "children": [{
      "person": "Ben Carson",
      "position": "Housing and Urban Development secretary",
      "name": "Ben Carson",
      "link": "https://www.google.fr/search?q=Ben Carson",
      "img": "img/ben_carson.png",
      "size": 40000
    }, {
      "person": "Robert Lighthizer",
      "position": "U.S. trade representative",
      "name": "Robert Lighthizer",
      "link": "https://www.google.fr/search?q=Robert Lighthizer",
      "img": "img/robert_lighthizer.png",
      "size": 40000
    }, {
      "person": "Scott Pruitt",
      "position": "Environmental Protection Agency administrator",
      "name": "Scott Pruitt",
      "link": "https://www.google.fr/search?q=Scott Pruitt",
      "img": "img/scott_pruitt.png",
      "size": 40000
    }]

  }, {
    "person": "#ENTERTAINERS",
    "name": "#ENTERTAINERS",
    "position": "political pro, reality tv, entertainment, alt-right",
    "link": "https://www.google.fr/search?q=political pro, reality tv, entertainment, alt-right",
    "children": [

      {
        "person": "Rick Perry",
        "position": "Energy secretary",
        "name": "Rick Perry",
        "link": "https://www.google.fr/search?q=Rick Perry",
        "img": "img/rick_perry.png",
        "size": 40000
      }, {
        "person": "Steve Bannon",
        "position": "Chief strategist",
        "name": "Steve Bannon",
        "link": "https://www.google.fr/search?q=Steve Bannon",
        "img": "img/steve_bannon.png",
        "size": 40000
      }, {
        "person": "Linda McMahon",
        "position": "Small Business Administration administrator",
        "name": "Linda McMahon",
        "link": "https://www.google.fr/search?q=Linda McMahon",
        "img": "img/linda_mcmahon.png",
        "size": 40000
      }


    ]
  }, {
    "person": "#FOX HUNTERS",
    "name": "#FOX HUNTERS",
    "position": "pro republican, fox news, republican fury",
    "link": "https://www.google.fr/search?q=pro republican, fox news, republican fury",
    "children": [

      {
        "person": "Kellyanne Conway",
        "position": "White House counselor",
        "name": "Kellyanne Conway",
        "link": "https://www.google.fr/search?q=Kellyanne Conway",
        "img": "img/kellyanne_conway.png",
        "size": 40000
      }, {
        "person": "K.T. McFarland",
        "position": "Deputy national security adviser",
        "name": "K.T. McFarland",
        "link": "https://www.google.fr/search?q=K.T. McFarland",
        "img": "img/k_t_mcfarland.png",
        "size": 40000
      }, {
        "person": "Peter Navarro",
        "position": "Director of the White House National Trade Council",
        "name": "Peter Navarro",
        "link": "https://www.google.fr/search?q=Peter Navarro",
        "img": "img/peter_navarro.png",
        "size": 40000
      }

    ]

  }, {
    "person": "#BIGFAMILY",
    "name": "#BIGFAMILY",
    "position": "wasp, wealthy, family, blackwater",
    "link": "https://www.google.fr/search?q=wealthy family, blackwater",
    "children": [{
        "person": "Betsy DeVos",
        "position": "Education secretary",
        "name": "Betsy DeVos",
        "link": "https://www.google.fr/search?q=Betsy DeVos",
        "img": "img/betsy_devos.png",
        "size": 40000
      }, {
        "person": "Todd Ricketts",
        "position": "Deputy commerce secretary",
        "name": "Todd Ricketts",
        "link": "https://www.google.fr/search?q=Todd Ricketts",
        "img": "img/todd_ricketts.png",
        "size": 40000
      }, {
        "person": "Ronna Romney McDaniel",
        "position": "Republican National Committee",
        "name": "Ronna Romney McDaniel",
        "link": "https://www.google.fr/search?q=Ronna Romney McDaniel",
        "img": "img/ronna_romney_mcdaniel.png",
        "size": 40000
      }

    ]
  }, {
    "person": "#MILITARY MAN",
    "name": "#MILITARY MAN",
    "position": "wasp, wealthy, family, blackwater",
    "link": "https://www.google.fr/search?q=wealthy family, blackwater",
    "children": [{
        "person": "James Mattis",
        "position": "Secretary of defense",
        "name": "James Mattis",
        "link": "https://www.google.fr/search?q=James Mattis",
        "img": "img/james_mattis.png",
        "size": 40000
      }, {
        "person": "John Kelly",
        "position": "Homeland Security secretary",
        "name": "John Kelly",
        "link": "https://www.google.fr/search?q=John Kelly",
        "img": "img/john_kelly.png",
        "size": 40000
      }, {
        "person": "Mike Flynn",
        "position": "White House national security adviser",
        "name": "Mike Flynn",
        "link": "https://www.google.fr/search?q=Mike Flynn",
        "img": "img/mike_flynn.png",
        "size": 40000
      }


    ]
  }, {
    "person": "#YOUNG & DEVOTED",
    "name": "#YOUNG & DEVOTED",
    "position": "",
    "link": "https://www.google.fr/search?q=",
    "children": [

      {
        "person": "Dan Scavino",
        "position": "Social media director",
        "name": "Dan Scavino",
        "link": "https://www.google.fr/search?q=Dan Scavino",
        "img": "img/dan_scavino.png",
        "size": 40000
      }, {
        "person": "Hope Hicks",
        "position": "Strategic communications director",
        "name": "Hope Hicks",
        "link": "https://www.google.fr/search?q=Hope Hicks",
        "img": "img/hope_hicks.png",
        "size": 40000
      }, {
        "person": "Sean Spicer",
        "position": "White House press secretary",
        "name": "Sean Spicer",
        "link": "https://www.google.fr/search?q=Sean Spicer",
        "img": "img/sean_spicer.png",
        "size": 40000
      }, {
        "person": "Stephen Miller",
        "position": "Senior policy adviser to the president for policy",
        "name": "Stephen Miller",
        "link": "https://www.google.fr/search?q=Stephen Miller",
        "img": "img/stephen_miller.png",
        "size": 40000
      }

    ]
  }, {
    "person": "#POLITICAL PRO",
    "name": "#POLITICAL PRO",
    "position": "",
    "link": "https://www.google.fr/search?q=",
    "children": [

      {
        "person": "Ryan Zinke",
        "position": "Interior Secretary",
        "name": "Ryan Zinke",
        "link": "https://www.google.fr/search?q=Ryan Zinke",
        "img": "img/ryan_zinke.png",
        "size": 40000
      }, {
        "person": "Nikki Haley",
        "position": "Ambassador to the United Nations",
        "name": "Nikki Haley",
        "link": "https://www.google.fr/search?q=Nikki Haley",
        "img": "img/nikki_haley.png",
        "size": 40000
      }, {
        "person": "Mick Mulvaney",
        "position": "Director of the Office of Management and Budget",
        "name": "Mick Mulvaney",
        "link": "https://www.google.fr/search?q=Mick Mulvaney",
        "img": "img/mick_mulvaney.png",
        "size": 40000
      }, {
        "person": "Dan Coats",
        "position": "Director of National Intelligence",
        "name": "Dan Coats",
        "link": "https://www.google.fr/search?q=Dan Coats",
        "img": "img/dan_coats.png",
        "size": 40000
      }, {
        "person": "Mike Pompeo",
        "position": "Director of the Central Intelligence Agency",
        "name": "Mike Pompeo",
        "link": "https://www.google.fr/search?q=Mike Pompeo",
        "img": "img/mike_pompeo.png",
        "size": 40000
      }, {
        "person": "Jason Greenblatt",
        "position": "Special representative for international negotiations",
        "name": "Jason Greenblatt",
        "link": "https://www.google.fr/search?q=Jason Greenblatt",
        "img": "img/jason_greenblatt.png",
        "size": 40000
      }, {
        "person": "Thomas Bossert",
        "position": "Assistant to the president for homeland security and counterterrorism",
        "name": "Thomas Bossert",
        "link": "https://www.google.fr/search?q=Thomas Bossert",
        "img": "img/thomas_bossert.png",
        "size": 40000
      }, {
        "person": "Donald McGahn",
        "position": "White House counsel",
        "name": "Donald McGahn",
        "link": "https://www.google.fr/search?q=Donald McGahn",
        "img": "img/donald_mcgahn.png",
        "size": 40000
      }, {
        "person": "Reince Priebus",
        "position": "Chief of staff",
        "name": "Reince Priebus",
        "link": "https://www.google.fr/search?q=Reince Priebus",
        "img": "img/reince_priebus.png",
        "size": 40000
      }, {
        "person": "Jeff Sessions",
        "position": "Attorney general",
        "name": "Jeff Sessions",
        "link": "https://www.google.fr/search?q=Jeff Sessions",
        "img": "img/jeff_sessions.png",
        "size": 40000
      }, {
        "person": "Tom Price",
        "position": "Health and Human Services secretary",
        "name": "Tom Price",
        "link": "https://www.google.fr/search?q=Tom Price",
        "img": "img/tom_price.png",
        "size": 40000
      }, {
        "person": "Elaine Chao",
        "position": "Transportation secretary",
        "name": "Elaine Chao",
        "link": "https://www.google.fr/search?q=Elaine Chao",
        "img": "img/elaine_chao.png",
        "size": 40000
      }



    ]
  }, {
    "person": "#BIGBUSINESS",
    "name": "#BIGBUSINESS",
    "position": "",
    "link": "https://www.google.fr/search?q=",
    "children": [

      {
        "person": "Wilbur Ross",
        "position": "Commerce secretary",
        "name": "Wilbur Ross",
        "link": "https://www.google.fr/search?q=Wilbur Ross",
        "img": "img/wilbur_ross.png",
        "size": 40000
      }, {
        "person": "Andy Puzder",
        "position": "Labor secretary",
        "name": "Andy Puzder",
        "link": "https://www.google.fr/search?q=Andy Puzder",
        "img": "img/andy_puzder.png",
        "size": 40000
      }, {
        "person": "Rex Tillerson",
        "position": "Secretary of state",
        "name": "Rex Tillerson",
        "link": "https://www.google.fr/search?q=Rex Tillerson",
        "img": "img/rex_tillerson.png",
        "size": 40000
      }



    ]

  }, {
    "person": "#WALLSTREET_TYCOONS",
    "name": "#WALLSTREET_TYCOONS",
    "position": "",
    "link": "https://www.google.fr/search?q=",
    "children": [

      {
        "person": "Carl Icahn",
        "position": "Regulatory reform adviser",
        "name": "Carl Icahn",
        "link": "https://www.google.fr/search?q=Carl Icahn",
        "img": "img/carl_icahn.png",
        "size": 40000
      }, {
        "person": "Steven Mnuchin",
        "position": "Treasury secretary",
        "name": "Steven Mnuchin",
        "link": "https://www.google.fr/search?q=Steven Mnuchin",
        "img": "img/steven_mnuchin.png",
        "size": 40000
      }, {
        "person": "Gary Cohn",
        "position": "Director, National Economic Council",
        "name": "Gary Cohn",
        "link": "https://www.google.fr/search?q=Gary Cohn",
        "img": "img/gary_cohn.png",
        "size": 40000
      }



    ]

  }]
}