{
	"id": "e2fd9c68-c23a-c625-5d89-d30af3d70ecf",
	"name": "my-api-from-me-see-api-v3",
	"description": "",
	"order": [
		"ddc83b58-83a4-0003-9381-f4e334feed4f",
		"dd0af617-7d66-2927-9dda-a82f429fcd6c",
		"0bb198f2-a705-6998-d59e-8b4127985b10",
		"c29dbfe3-f429-c744-ea92-2ccc456f22df"
	],
	"folders": [],
	"timestamp": 1495404733836,
	"owner": 0,
	"public": false,
	"requests": [
		{
			"id": "0bb198f2-a705-6998-d59e-8b4127985b10",
			"headers": "Content-Type: application/json\n",
			"url": "http://localhost/api-for-mobile/api-v3/strings/20",
			"preRequestScript": null,
			"pathVariables": {},
			"method": "DELETE",
			"data": [],
			"dataMode": "raw",
			"version": 2,
			"tests": null,
			"currentHelper": "normal",
			"helperAttributes": {},
			"time": 1495447815798,
			"name": "delete-string-codediesel-api",
			"description": "",
			"collectionId": "e2fd9c68-c23a-c625-5d89-d30af3d70ecf",
			"responses": [],
			"rawModeData": ""
		},
		{
			"id": "c29dbfe3-f429-c744-ea92-2ccc456f22df",
			"headers": "Content-Type: application/json\n",
			"url": "http://localhost/api-for-mobile/api-v3//strings/search/twi",
			"preRequestScript": null,
			"pathVariables": {},
			"method": "GET",
			"data": [],
			"dataMode": "raw",
			"version": 2,
			"tests": null,
			"currentHelper": "normal",
			"helperAttributes": {},
			"time": 1495401001116,
			"name": "search-all-string-codediesel-api",
			"description": "",
			"collectionId": "e2fd9c68-c23a-c625-5d89-d30af3d70ecf",
			"responses": [],
			"rawModeData": "{\n\t\"firstname\": \"Gavid\",\n\t\"lastname\": \"Gonzalez\",\n\t\"email\": \"dg@gmail.com\",\n\t\"company\": \"Twitter\"\n}"
		},
		{
			"id": "dd0af617-7d66-2927-9dda-a82f429fcd6c",
			"headers": "Content-Type: application/json\n",
			"url": "http://localhost/api-for-mobile/api-v3/strings/19",
			"preRequestScript": null,
			"pathVariables": {},
			"method": "PUT",
			"data": [],
			"dataMode": "raw",
			"tests": null,
			"currentHelper": "normal",
			"helperAttributes": {},
			"time": 1495447753800,
			"name": "update-string-codediesel-api",
			"description": "",
			"collectionId": "e2fd9c68-c23a-c625-5d89-d30af3d70ecf",
			"responses": [],
			"rawModeData": "{\n  \"brand\": \"F24\",\n  \"source\": \"mobile\",\n  \"language\": \"en\",\n  \"cat\": \"1\",\n  \"string_name\": \"fragment_favorite_edition\",\n  \"string_name_model\": \"Garder\",\n  \"string_name_value\": \"Keep\"\n}"
		},
		{
			"id": "ddc83b58-83a4-0003-9381-f4e334feed4f",
			"headers": "Content-Type: application/json\n",
			"url": "http://localhost/api-for-mobile/api-v3/strings",
			"preRequestScript": null,
			"pathVariables": {},
			"method": "POST",
			"data": [],
			"dataMode": "raw",
			"tests": null,
			"currentHelper": "normal",
			"helperAttributes": {},
			"time": 1495403844727,
			"name": "create-string-codediesel-api",
			"description": "",
			"collectionId": "e2fd9c68-c23a-c625-5d89-d30af3d70ecf",
			"responses": [],
			"rawModeData": "{\n  \"brand\": \"RFI\",\n  \"source\": \"desktop\",\n  \"language\": \"km\",\n  \"cat\": \"0\",\n  \"string_name\": \"Thèmes\",\n  \"string_name_model\": \"Thèmes\",\n  \"string_name_value\": \"ប្រធានបទ\"\n}"
		}
	]
}