{"statistics": {"background": {"Bath": 1, "Orange": 1, "Pink": 2, "Blue": 1}, "hair": {"Sleepy": 1, "Punk": 1, "Scary": 2, "Dark": 1}, "cap": {"Feminism": 1, "Vert": 4}, "chin_lips": {"Azulgrana": 2, "Cuccittini": 1, "Magdalena": 1, "Decision Making Chin": 1}, "eyes_eyebrows": {"X\u00f3lotl": 2, "Cultura": 2, "Earth": 1}, "jewels": {"Ears": 1, "Rears": 3, "Rares": 1}}, "nfts": {"1": {"background": "Bath", "hair": "Sleepy", "cap": "Feminism", "chin_lips": "Azulgrana", "eyes_eyebrows": "X\u00f3lotl", "jewels": "Ears"}, "2": {"background": "Orange", "hair": "Punk", "cap": "Vert", "chin_lips": "Cuccittini", "eyes_eyebrows": "Cultura", "jewels": "Rears"}, "3": {"background": "Pink", "hair": "Scary", "cap": "Vert", "chin_lips": "Azulgrana", "eyes_eyebrows": "X\u00f3lotl", "jewels": "Rears"}, "4": {"background": "Blue", "hair": "Dark", "cap": "Vert", "chin_lips": "Magdalena", "eyes_eyebrows": "Cultura", "jewels": "Rares"}, "5": {"background": "Pink", "hair": "Scary", "cap": "Vert", "chin_lips": "Decision Making Chin", "eyes_eyebrows": "Earth", "jewels": "Rears"}}}