{"statistics": {"Background": {"Pink": 6, "Orange": 5, "Dust": 3, "Red": 2, "Green": 2, "Blue": 2}, "Eye": {"Phoenician": 3, "Egyptian": 5, "Friendly": 8, "Sleepy": 1, "Scary": 3}, "Eyebrow": {"Fillon": 5, "Precious": 7, "Piaf": 3, "Julia": 3, "Bold": 2}, "Face": {"Nothing": 2, "Merrick": 4, "Ball": 3, "Cocteau": 4, "Egyptian": 3, "Tillet": 4}, "Mouth": {"Flower": 5, "Silent": 4, "Fish": 6, "Wisper": 4, "Trump": 1}, "Nose": {"Potato": 3, "Greek": 9, "Tubular": 3, "Socrates": 5}}, "nfts": {"1": {"Background": "Pink", "Eye": "Phoenician", "Eyebrow": "Fillon", "Face": "Nothing", "Mouth": "Flower", "Nose": "Potato"}, "2": {"Background": "Orange", "Eye": "Egyptian", "Eyebrow": "Fillon", "Face": "Merrick", "Mouth": "Flower", "Nose": "Greek"}, "3": {"Background": "Dust", "Eye": "Egyptian", "Eyebrow": "Precious", "Face": "Merrick", "Mouth": "Silent", "Nose": "Potato"}, "4": {"Background": "Red", "Eye": "Friendly", "Eyebrow": "Precious", "Face": "Ball", "Mouth": "Fish", "Nose": "Tubular"}, "5": {"Background": "Green", "Eye": "Friendly", "Eyebrow": "Piaf", "Face": "Cocteau", "Mouth": "Silent", "Nose": "Potato"}, "6": {"Background": "Blue", "Eye": "Sleepy", "Eyebrow": "Fillon", "Face": "Cocteau", "Mouth": "Fish", "Nose": "Greek"}, "7": {"Background": "Green", "Eye": "Egyptian", "Eyebrow": "Julia", "Face": "Egyptian", "Mouth": "Fish", "Nose": "Tubular"}, "8": {"Background": "Orange", "Eye": "Friendly", "Eyebrow": "Bold", "Face": "Tillet", "Mouth": "Wisper", "Nose": "Socrates"}, "9": {"Background": "Pink", "Eye": "Egyptian", "Eyebrow": "Precious", "Face": "Tillet", "Mouth": "Wisper", "Nose": "Greek"}, "10": {"Background": "Orange", "Eye": "Friendly", "Eyebrow": "Precious", "Face": "Ball", "Mouth": "Silent", "Nose": "Greek"}, "11": {"Background": "Orange", "Eye": "Scary", "Eyebrow": "Julia", "Face": "Merrick", "Mouth": "Fish", "Nose": "Tubular"}, "12": {"Background": "Blue", "Eye": "Friendly", "Eyebrow": "Precious", "Face": "Tillet", "Mouth": "Wisper", "Nose": "Socrates"}, "13": {"Background": "Pink", "Eye": "Friendly", "Eyebrow": "Piaf", "Face": "Ball", "Mouth": "Fish", "Nose": "Greek"}, "14": {"Background": "Dust", "Eye": "Phoenician", "Eyebrow": "Piaf", "Face": "Cocteau", "Mouth": "Flower", "Nose": "Greek"}, "15": {"Background": "Pink", "Eye": "Friendly", "Eyebrow": "Julia", "Face": "Cocteau", "Mouth": "Flower", "Nose": "Socrates"}, "16": {"Background": "Pink", "Eye": "Egyptian", "Eyebrow": "Fillon", "Face": "Merrick", "Mouth": "Flower", "Nose": "Greek"}, "17": {"Background": "Pink", "Eye": "Scary", "Eyebrow": "Bold", "Face": "Egyptian", "Mouth": "Fish", "Nose": "Socrates"}, "18": {"Background": "Dust", "Eye": "Phoenician", "Eyebrow": "Fillon", "Face": "Tillet", "Mouth": "Trump", "Nose": "Greek"}, "19": {"Background": "Orange", "Eye": "Friendly", "Eyebrow": "Precious", "Face": "Egyptian", "Mouth": "Silent", "Nose": "Greek"}, "20": {"Background": "Red", "Eye": "Scary", "Eyebrow": "Precious", "Face": "Nothing", "Mouth": "Wisper", "Nose": "Socrates"}}}