{
	"result": {
		"list": [

			{
				"title_en": "Afghanistan",
				"title_fr": "Afghanistan",
				"lat": "33.0000000",
				"long": "65.0000000"
			},


			{
				"title_en": "Aland Islands",
				"title_fr": "Iles Aland",
				"lat": "0.0000000",
				"long": "0.0000000"
			},


			{
				"title_en": "Albania",
				"title_fr": "Albanie",
				"lat": "41.0000000",
				"long": "20.0000000"
			},


			{
				"title_en": "Algeria",
				"title_fr": "Algérie",
				"lat": "28.0000000",
				"long": "3.0000000"
			},


			{
				"title_en": "American Samoa",
				"title_fr": "Samoa Américaines",
				"lat": "-14.3333000",
				"long": "-170.0000000"
			},


			{
				"title_en": "Andorra",
				"title_fr": "Andorre",
				"lat": "42.5000000",
				"long": "1.5000000"
			},


			{
				"title_en": "Angola",
				"title_fr": "Angola",
				"lat": "-12.5000000",
				"long": "18.5000000"
			},


			{
				"title_en": "Anguilla",
				"title_fr": "Anguilla",
				"lat": "18.2500000",
				"long": "-63.1666985"
			},


			{
				"title_en": "Antarctica",
				"title_fr": "Antarctique",
				"lat": "-90.0000000",
				"long": "0.0000000"
			},


			{
				"title_en": "Antigua and Barbuda",
				"title_fr": "Antigua-et-Barbuda",
				"lat": "17.0500000",
				"long": "-61.7999992"
			},


			{
				"title_en": "Argentina",
				"title_fr": "Argentine",
				"lat": "-34.0000000",
				"long": "-64.0000000"
			},


			{
				"title_en": "Armenia",
				"title_fr": "Arménie",
				"lat": "40.0000000",
				"long": "45.0000000"
			},


			{
				"title_en": "Aruba",
				"title_fr": "Aruba",
				"lat": "12.5000000",
				"long": "-69.9666977"
			},


			{
				"title_en": "Australia",
				"title_fr": "Australie",
				"lat": "-27.0000000",
				"long": "133.0000000"
			},


			{
				"title_en": "Austria",
				"title_fr": "Autriche",
				"lat": "47.3333000",
				"long": "13.3332996"
			},


			{
				"title_en": "Azerbaijan",
				"title_fr": "Azerbaïdjan",
				"lat": "40.5000000",
				"long": "47.5000000"
			},


			{
				"title_en": "Bahamas",
				"title_fr": "Bahamas",
				"lat": "24.2500000",
				"long": "-76.0000000"
			},


			{
				"title_en": "Bahrain",
				"title_fr": "Bahreïn",
				"lat": "26.0000000",
				"long": "50.5499992"
			},


			{
				"title_en": "Bangladesh",
				"title_fr": "Bangladesh",
				"lat": "24.0000000",
				"long": "90.0000000"
			},


			{
				"title_en": "Barbados",
				"title_fr": "Barbade",
				"lat": "13.1667000",
				"long": "-59.5332985"
			},


			{
				"title_en": "Belarus",
				"title_fr": "Biélorussie",
				"lat": "53.0000000",
				"long": "28.0000000"
			},


			{
				"title_en": "Belgium",
				"title_fr": "Belgique",
				"lat": "50.8333000",
				"long": "4.0000000"
			},


			{
				"title_en": "Belize",
				"title_fr": "Belize",
				"lat": "17.2500000",
				"long": "-88.7500000"
			},


			{
				"title_en": "Benin",
				"title_fr": "Bénin",
				"lat": "9.5000000",
				"long": "2.2500000"
			},


			{
				"title_en": "Bermuda",
				"title_fr": "Bermuda",
				"lat": "32.3333000",
				"long": "-64.7500000"
			},


			{
				"title_en": "Bhutan",
				"title_fr": "Bhoutan",
				"lat": "27.5000000",
				"long": "90.5000000"
			},


			{
				"title_en": "Bolivia",
				"title_fr": "Bolivie",
				"lat": "-17.0000000",
				"long": "-65.0000000"
			},


			{
				"title_en": "Bonaire, Saint Eustatius and Saba",
				"title_fr": "Bonaire, Saint-Eustache et Saba",
				"lat": "0.0000000",
				"long": "0.0000000"
			},


			{
				"title_en": "Bosnia and Herzegovina",
				"title_fr": "Bosnie-Herzégovine",
				"lat": "44.0000000",
				"long": "18.0000000"
			},


			{
				"title_en": "Botswana",
				"title_fr": "Botswana",
				"lat": "-22.0000000",
				"long": "24.0000000"
			},


			{
				"title_en": "Bouvet Island",
				"title_fr": "Île Bouvet",
				"lat": "-54.4333000",
				"long": "3.4000001"
			},


			{
				"title_en": "Brazil",
				"title_fr": "Brésil",
				"lat": "-10.0000000",
				"long": "-55.0000000"
			},


			{
				"title_en": "British Indian Ocean Territory",
				"title_fr": "Territoire britannique de l'océan Indien",
				"lat": "-6.0000000",
				"long": "71.5000000"
			},


			{
				"title_en": "British Virgin Islands",
				"title_fr": "Îles Vierges britanniques",
				"lat": "18.5000000",
				"long": "-64.5000000"
			},


			{
				"title_en": "Brunei",
				"title_fr": "Brunei",
				"lat": "4.5000000",
				"long": "114.6667023"
			},


			{
				"title_en": "Bulgaria",
				"title_fr": "Bulgarie",
				"lat": "43.0000000",
				"long": "25.0000000"
			},


			{
				"title_en": "Burkina Faso",
				"title_fr": "Burkina Faso",
				"lat": "13.0000000",
				"long": "-2.0000000"
			},


			{
				"title_en": "Burundi",
				"title_fr": "Burundi",
				"lat": "-3.5000000",
				"long": "30.0000000"
			},


			{
				"title_en": "Cambodia",
				"title_fr": "Cambodge",
				"lat": "13.0000000",
				"long": "105.0000000"
			},


			{
				"title_en": "Cameroon",
				"title_fr": "Cameroun",
				"lat": "6.0000000",
				"long": "12.0000000"
			},


			{
				"title_en": "Canada",
				"title_fr": "Canada",
				"lat": "60.0000000",
				"long": "-95.0000000"
			},


			{
				"title_en": "Cape Verde",
				"title_fr": "Cap-Vert",
				"lat": "16.0000000",
				"long": "-24.0000000"
			},


			{
				"title_en": "Cayman Islands",
				"title_fr": "Îles Caïmans",
				"lat": "19.5000000",
				"long": "-80.5000000"
			},


			{
				"title_en": "Central African Republic",
				"title_fr": "République centrafricaine",
				"lat": "7.0000000",
				"long": "21.0000000"
			},


			{
				"title_en": "Chad",
				"title_fr": "Tchad",
				"lat": "15.0000000",
				"long": "19.0000000"
			},


			{
				"title_en": "Chile",
				"title_fr": "Chili",
				"lat": "-30.0000000",
				"long": "-71.0000000"
			},


			{
				"title_en": "China",
				"title_fr": "Chine",
				"lat": "35.0000000",
				"long": "105.0000000"
			},


			{
				"title_en": "Christmas Island",
				"title_fr": "île de noël",
				"lat": "-10.5000000",
				"long": "105.6667023"
			},


			{
				"title_en": "Cocos Islands",
				"title_fr": "Îles Cocos",
				"lat": "-12.5000000",
				"long": "96.8332977"
			},


			{
				"title_en": "Colombia",
				"title_fr": "Colombie",
				"lat": "4.0000000",
				"long": "-72.0000000"
			},


			{
				"title_en": "Comoros",
				"title_fr": "Les Comores",
				"lat": "-12.1667000",
				"long": "44.2500000"
			},


			{
				"title_en": "Cook Islands",
				"title_fr": "Îles Cook",
				"lat": "-21.2333000",
				"long": "-159.7666931"
			},


			{
				"title_en": "Costa Rica",
				"title_fr": "Costa Rica",
				"lat": "10.0000000",
				"long": "-84.0000000"
			},


			{
				"title_en": "Croatia",
				"title_fr": "Croatie",
				"lat": "45.1667000",
				"long": "15.5000000"
			},


			{
				"title_en": "Cuba",
				"title_fr": "Cuba",
				"lat": "21.5000000",
				"long": "-80.0000000"
			},


			{
				"title_en": "Curacao",
				"title_fr": "Curacao",
				"lat": "0.0000000",
				"long": "0.0000000"
			},


			{
				"title_en": "Cyprus",
				"title_fr": "Chypre",
				"lat": "35.0000000",
				"long": "33.0000000"
			},


			{
				"title_en": "Czech Republic",
				"title_fr": "République Tchèque",
				"lat": "49.7500000",
				"long": "15.5000000"
			},


			{
				"title_en": "Democratic Republic of the Congo",
				"title_fr": "République démocratique du Congo",
				"lat": "0.0000000",
				"long": "25.0000000"
			},


			{
				"title_en": "Denmark",
				"title_fr": "Danemark",
				"lat": "56.0000000",
				"long": "10.0000000"
			},


			{
				"title_en": "Djibouti",
				"title_fr": "Djibouti",
				"lat": "11.5000000",
				"long": "43.0000000"
			},


			{
				"title_en": "Dominica",
				"title_fr": "Dominique",
				"lat": "15.4167000",
				"long": "-61.3333015"
			},


			{
				"title_en": "Dominican Republic",
				"title_fr": "République Dominicaine",
				"lat": "19.0000000",
				"long": "-70.6667023"
			},


			{
				"title_en": "East Timor",
				"title_fr": "Timor oriental",
				"lat": "0.0000000",
				"long": "0.0000000"
			},


			{
				"title_en": "Ecuador",
				"title_fr": "Equateur",
				"lat": "-2.0000000",
				"long": "-77.5000000"
			},


			{
				"title_en": "Egypt",
				"title_fr": "Egypte",
				"lat": "27.0000000",
				"long": "30.0000000"
			},


			{
				"title_en": "El Salvador",
				"title_fr": "El Salvador",
				"lat": "13.8333000",
				"long": "-88.9167023"
			},


			{
				"title_en": "Equatorial Guinea",
				"title_fr": "Guinée Équatoriale",
				"lat": "2.0000000",
				"long": "10.0000000"
			},


			{
				"title_en": "Eritrea",
				"title_fr": "Érythrée",
				"lat": "15.0000000",
				"long": "39.0000000"
			},


			{
				"title_en": "Estonia",
				"title_fr": "Estonie",
				"lat": "59.0000000",
				"long": "26.0000000"
			},


			{
				"title_en": "Ethiopia",
				"title_fr": "Ethiopie",
				"lat": "8.0000000",
				"long": "38.0000000"
			},


			{
				"title_en": "Falkland Islands",
				"title_fr": "Îles Malouines",
				"lat": "-51.7500000",
				"long": "-59.0000000"
			},


			{
				"title_en": "Faroe Islands",
				"title_fr": "Îles Féroé",
				"lat": "62.0000000",
				"long": "-7.0000000"
			},


			{
				"title_en": "Fiji",
				"title_fr": "Fidji",
				"lat": "-18.0000000",
				"long": "175.0000000"
			},


			{
				"title_en": "Finland",
				"title_fr": "Finlande",
				"lat": "64.0000000",
				"long": "26.0000000"
			},


			{
				"title_en": "France",
				"title_fr": "France",
				"lat": "46.0000000",
				"long": "2.0000000"
			},


			{
				"title_en": "French Guiana",
				"title_fr": "Guinée Française",
				"lat": "4.0000000",
				"long": "-53.0000000"
			},


			{
				"title_en": "French Polynesia",
				"title_fr": "Polynésie française",
				"lat": "-15.0000000",
				"long": "-140.0000000"
			},


			{
				"title_en": "French Southern Territories",
				"title_fr": "Terres australes et antarctiques françaises",
				"lat": "-43.0000000",
				"long": "67.0000000"
			},


			{
				"title_en": "Gabon",
				"title_fr": "Gabon",
				"lat": "-1.0000000",
				"long": "11.7500000"
			},


			{
				"title_en": "Gambia",
				"title_fr": "Gambie",
				"lat": "13.4667000",
				"long": "-16.5667000"
			},


			{
				"title_en": "Georgia",
				"title_fr": "Géorgie",
				"lat": "42.0000000",
				"long": "43.5000000"
			},


			{
				"title_en": "Germany",
				"title_fr": "Allemagne",
				"lat": "51.0000000",
				"long": "9.0000000"
			},


			{
				"title_en": "Ghana",
				"title_fr": "Ghana",
				"lat": "8.0000000",
				"long": "-2.0000000"
			},


			{
				"title_en": "Gibraltar",
				"title_fr": "Gibraltar",
				"lat": "36.1833000",
				"long": "-5.3667002"
			},


			{
				"title_en": "Greece",
				"title_fr": "Grèce",
				"lat": "39.0000000",
				"long": "22.0000000"
			},


			{
				"title_en": "Greenland",
				"title_fr": "Groenland",
				"lat": "72.0000000",
				"long": "-40.0000000"
			},


			{
				"title_en": "Grenada",
				"title_fr": "Grenade",
				"lat": "12.1167000",
				"long": "-61.6666985"
			},


			{
				"title_en": "Guadeloupe",
				"title_fr": "Guadeloupe",
				"lat": "16.2500000",
				"long": "-61.5833015"
			},


			{
				"title_en": "Guam",
				"title_fr": "Guam",
				"lat": "13.4667000",
				"long": "144.7832947"
			},


			{
				"title_en": "Guatemala",
				"title_fr": "Guatemala",
				"lat": "15.5000000",
				"long": "-90.2500000"
			},


			{
				"title_en": "Guernsey",
				"title_fr": "Guernsey",
				"lat": "0.0000000",
				"long": "0.0000000"
			},


			{
				"title_en": "Guinea",
				"title_fr": "Guinée",
				"lat": "11.0000000",
				"long": "-10.0000000"
			},


			{
				"title_en": "Guinea-Bissau",
				"title_fr": "Guinée-Bissau",
				"lat": "12.0000000",
				"long": "-15.0000000"
			},


			{
				"title_en": "Guyana",
				"title_fr": "Guyane",
				"lat": "5.0000000",
				"long": "-59.0000000"
			},


			{
				"title_en": "Haiti",
				"title_fr": "Haïti",
				"lat": "19.0000000",
				"long": "-72.4167023"
			},


			{
				"title_en": "Heard Island and McDonald",
				"title_fr": "Îles Heard et McDonald",
				"lat": "-53.1000000",
				"long": "72.5167007"
			},


			{
				"title_en": "Honduras",
				"title_fr": "Honduras",
				"lat": "15.0000000",
				"long": "-86.5000000"
			},


			{
				"title_en": "Hong Kong",
				"title_fr": "Hong Kong",
				"lat": "22.2500000",
				"long": "114.1667023"
			},


			{
				"title_en": "Hungary",
				"title_fr": "Hongrie",
				"lat": "47.0000000",
				"long": "20.0000000"
			},


			{
				"title_en": "Iceland",
				"title_fr": "Islande",
				"lat": "65.0000000",
				"long": "-18.0000000"
			},


			{
				"title_en": "India",
				"title_fr": "Inde",
				"lat": "20.0000000",
				"long": "77.0000000"
			},


			{
				"title_en": "Indonesia",
				"title_fr": "Indonésie",
				"lat": "-5.0000000",
				"long": "120.0000000"
			},


			{
				"title_en": "Iran",
				"title_fr": "Iran",
				"lat": "32.0000000",
				"long": "53.0000000"
			},


			{
				"title_en": "Iraq",
				"title_fr": "Irak",
				"lat": "33.0000000",
				"long": "44.0000000"
			},


			{
				"title_en": "Ireland",
				"title_fr": "Irlande",
				"lat": "53.0000000",
				"long": "-8.0000000"
			},


			{
				"title_en": "Isle of Man",
				"title_fr": "Île de Man",
				"lat": "0.0000000",
				"long": "0.0000000"
			},


			{
				"title_en": "Israel",
				"title_fr": "Israël",
				"lat": "31.5000000",
				"long": "34.7500000"
			},


			{
				"title_en": "Italy",
				"title_fr": "Italie",
				"lat": "42.8333000",
				"long": "12.8332996"
			},


			{
				"title_en": "Ivory Coast",
				"title_fr": "Côte d'Ivoire",
				"lat": "8.0000000",
				"long": "-5.0000000"
			},


			{
				"title_en": "Jamaica",
				"title_fr": "Jamaïque",
				"lat": "18.2500000",
				"long": "-77.5000000"
			},


			{
				"title_en": "Japan",
				"title_fr": "Japon",
				"lat": "36.0000000",
				"long": "138.0000000"
			},


			{
				"title_en": "Jersey",
				"title_fr": "Jersey",
				"lat": "0.0000000",
				"long": "0.0000000"
			},


			{
				"title_en": "Jordan",
				"title_fr": "Jordanie",
				"lat": "31.0000000",
				"long": "36.0000000"
			},


			{
				"title_en": "Kazakhstan",
				"title_fr": "Kazakhstan",
				"lat": "48.0000000",
				"long": "68.0000000"
			},


			{
				"title_en": "Kenya",
				"title_fr": "Kenya",
				"lat": "1.0000000",
				"long": "38.0000000"
			},


			{
				"title_en": "Kiribati",
				"title_fr": "Kiribati",
				"lat": "1.4167000",
				"long": "173.0000000"
			},


			{
				"title_en": "Kosovo",
				"title_fr": "Kosovo",
				"lat": "0.0000000",
				"long": "0.0000000"
			},


			{
				"title_en": "Kuwait",
				"title_fr": "Koweit",
				"lat": "29.3375000",
				"long": "47.6581001"
			},


			{
				"title_en": "Kyrgyzstan",
				"title_fr": "Kirghizistan",
				"lat": "41.0000000",
				"long": "75.0000000"
			},


			{
				"title_en": "Laos",
				"title_fr": "Laos",
				"lat": "18.0000000",
				"long": "105.0000000"
			},


			{
				"title_en": "Latvia",
				"title_fr": "Lettonie",
				"lat": "57.0000000",
				"long": "25.0000000"
			},


			{
				"title_en": "Lebanon",
				"title_fr": "Liban",
				"lat": "33.8333000",
				"long": "35.8333015"
			},


			{
				"title_en": "Lesotho",
				"title_fr": "Lesotho",
				"lat": "-29.5000000",
				"long": "28.5000000"
			},


			{
				"title_en": "Liberia",
				"title_fr": "Libéria",
				"lat": "6.5000000",
				"long": "-9.5000000"
			},


			{
				"title_en": "Libya",
				"title_fr": "Libye",
				"lat": "25.0000000",
				"long": "17.0000000"
			},


			{
				"title_en": "Liechtenstein",
				"title_fr": "Liechtenstein",
				"lat": "47.1667000",
				"long": "9.5333004"
			},


			{
				"title_en": "Lithuania",
				"title_fr": "Lituanie",
				"lat": "56.0000000",
				"long": "24.0000000"
			},


			{
				"title_en": "Luxembourg",
				"title_fr": "Luxembourg",
				"lat": "49.7500000",
				"long": "6.1666999"
			},


			{
				"title_en": "Macao",
				"title_fr": "Macao",
				"lat": "22.1667000",
				"long": "113.5500031"
			},


			{
				"title_en": "Macedonia",
				"title_fr": "Macédoine",
				"lat": "41.8333000",
				"long": "22.0000000"
			},


			{
				"title_en": "Madagascar",
				"title_fr": "Madagascar",
				"lat": "-20.0000000",
				"long": "47.0000000"
			},


			{
				"title_en": "Malawi",
				"title_fr": "Malawi",
				"lat": "-13.5000000",
				"long": "34.0000000"
			},


			{
				"title_en": "Malaysia",
				"title_fr": "Malaisie",
				"lat": "2.5000000",
				"long": "112.5000000"
			},


			{
				"title_en": "Maldives",
				"title_fr": "Maldives",
				"lat": "3.2500000",
				"long": "73.0000000"
			},


			{
				"title_en": "Mali",
				"title_fr": "Mali",
				"lat": "17.0000000",
				"long": "-4.0000000"
			},


			{
				"title_en": "Malta",
				"title_fr": "Malte",
				"lat": "35.8333000",
				"long": "14.5832996"
			},


			{
				"title_en": "Marshall Islands",
				"title_fr": "Iles Marshall",
				"lat": "9.0000000",
				"long": "168.0000000"
			},


			{
				"title_en": "Martinique",
				"title_fr": "Martinique",
				"lat": "14.6667000",
				"long": "-61.0000000"
			},


			{
				"title_en": "Mauritania",
				"title_fr": "Mauritanie",
				"lat": "20.0000000",
				"long": "-12.0000000"
			},


			{
				"title_en": "Mauritius",
				"title_fr": "Ile Maurice",
				"lat": "-20.2833000",
				"long": "57.5499992"
			},


			{
				"title_en": "Mayotte",
				"title_fr": "Mayotte",
				"lat": "-12.8333000",
				"long": "45.1666985"
			},


			{
				"title_en": "Mexico",
				"title_fr": "Mexique",
				"lat": "23.0000000",
				"long": "-102.0000000"
			},


			{
				"title_en": "Micronesia",
				"title_fr": "Micronésie",
				"lat": "6.9167000",
				"long": "158.2500000"
			},


			{
				"title_en": "Moldova",
				"title_fr": "Moldova",
				"lat": "47.0000000",
				"long": "29.0000000"
			},


			{
				"title_en": "Monaco",
				"title_fr": "Monaco",
				"lat": "43.7333000",
				"long": "7.4000001"
			},


			{
				"title_en": "Mongolia",
				"title_fr": "Mongolie",
				"lat": "46.0000000",
				"long": "105.0000000"
			},


			{
				"title_en": "Montenegro",
				"title_fr": "Monténégro",
				"lat": "42.0000000",
				"long": "19.0000000"
			},


			{
				"title_en": "Montserrat",
				"title_fr": "Montserrat",
				"lat": "16.7500000",
				"long": "-62.2000008"
			},


			{
				"title_en": "Morocco",
				"title_fr": "Maroc",
				"lat": "32.0000000",
				"long": "-5.0000000"
			},


			{
				"title_en": "Mozambique",
				"title_fr": "Mozambique",
				"lat": "-18.2500000",
				"long": "35.0000000"
			},


			{
				"title_en": "Myanmar",
				"title_fr": "Myanmar",
				"lat": "22.0000000",
				"long": "98.0000000"
			},


			{
				"title_en": "Namibia",
				"title_fr": "Namibie",
				"lat": "-22.0000000",
				"long": "17.0000000"
			},


			{
				"title_en": "Nauru",
				"title_fr": "Nauru",
				"lat": "-0.5333000",
				"long": "166.9167023"
			},


			{
				"title_en": "Nepal",
				"title_fr": "Népal",
				"lat": "28.0000000",
				"long": "84.0000000"
			},


			{
				"title_en": "Netherlands",
				"title_fr": "Pays-Bas",
				"lat": "52.5000000",
				"long": "5.7500000"
			},


			{
				"title_en": "Netherlands Antilles",
				"title_fr": "Antilles néerlandaises",
				"lat": "12.2500000",
				"long": "-68.7500000"
			},


			{
				"title_en": "New Caledonia",
				"title_fr": "Nouvelle-Calédonie",
				"lat": "-21.5000000",
				"long": "165.5000000"
			},


			{
				"title_en": "New Zealand",
				"title_fr": "Nouvelle-Zélande",
				"lat": "-41.0000000",
				"long": "174.0000000"
			},


			{
				"title_en": "Nicaragua",
				"title_fr": "Nicaragua",
				"lat": "13.0000000",
				"long": "-85.0000000"
			},


			{
				"title_en": "Niger",
				"title_fr": "Niger",
				"lat": "16.0000000",
				"long": "8.0000000"
			},


			{
				"title_en": "Nigeria",
				"title_fr": "Nigeria",
				"lat": "10.0000000",
				"long": "8.0000000"
			},


			{
				"title_en": "Niue",
				"title_fr": "Niue",
				"lat": "-19.0333000",
				"long": "-169.8666992"
			},


			{
				"title_en": "Norfolk Island",
				"title_fr": "Île Norfolk",
				"lat": "-29.0333000",
				"long": "167.9499969"
			},


			{
				"title_en": "North Korea",
				"title_fr": "Corée du Nord",
				"lat": "40.0000000",
				"long": "127.0000000"
			},


			{
				"title_en": "Northern Mariana Islands",
				"title_fr": "Îles Mariannes du Nord",
				"lat": "15.2000000",
				"long": "145.7500000"
			},


			{
				"title_en": "Norway",
				"title_fr": "Norvège",
				"lat": "62.0000000",
				"long": "10.0000000"
			},


			{
				"title_en": "Oman",
				"title_fr": "Oman",
				"lat": "21.0000000",
				"long": "57.0000000"
			},


			{
				"title_en": "Pakistan",
				"title_fr": "Pakistan",
				"lat": "30.0000000",
				"long": "70.0000000"
			},


			{
				"title_en": "Palau",
				"title_fr": "Palau",
				"lat": "7.5000000",
				"long": "134.5000000"
			},


			{
				"title_en": "Palestinian Territory",
				"title_fr": "Territoire Palestinien",
				"lat": "32.0000000",
				"long": "35.2500000"
			},


			{
				"title_en": "Panama",
				"title_fr": "Panama",
				"lat": "9.0000000",
				"long": "-80.0000000"
			},


			{
				"title_en": "Papua New Guinea",
				"title_fr": "Papouasie Nouvelle Guinée",
				"lat": "-6.0000000",
				"long": "147.0000000"
			},


			{
				"title_en": "Paraguay",
				"title_fr": "Paraguay",
				"lat": "-23.0000000",
				"long": "-58.0000000"
			},


			{
				"title_en": "Peru",
				"title_fr": "Pérou",
				"lat": "-10.0000000",
				"long": "-76.0000000"
			},


			{
				"title_en": "Philippines",
				"title_fr": "Philippines",
				"lat": "13.0000000",
				"long": "122.0000000"
			},


			{
				"title_en": "Pitcairn",
				"title_fr": "Pitcairn",
				"lat": "0.0000000",
				"long": "0.0000000"
			},


			{
				"title_en": "Poland",
				"title_fr": "Pologne",
				"lat": "52.0000000",
				"long": "20.0000000"
			},


			{
				"title_en": "Portugal",
				"title_fr": "Portugal",
				"lat": "39.5000000",
				"long": "-8.0000000"
			},


			{
				"title_en": "Puerto Rico",
				"title_fr": "Porto Rico",
				"lat": "18.2500000",
				"long": "-66.5000000"
			},


			{
				"title_en": "Qatar",
				"title_fr": "Qatar",
				"lat": "25.5000000",
				"long": "51.2500000"
			},


			{
				"title_en": "Republic of the Congo",
				"title_fr": "République du Congo",
				"lat": "-1.0000000",
				"long": "15.0000000"
			},


			{
				"title_en": "Reunion",
				"title_fr": "La Réunion",
				"lat": "-21.1000000",
				"long": "55.5999985"
			},


			{
				"title_en": "Romania",
				"title_fr": "Roumanie",
				"lat": "46.0000000",
				"long": "25.0000000"
			},


			{
				"title_en": "Russia",
				"title_fr": "Russie",
				"lat": "60.0000000",
				"long": "100.0000000"
			},


			{
				"title_en": "Rwanda",
				"title_fr": "Rwanda",
				"lat": "-2.0000000",
				"long": "30.0000000"
			},


			{
				"title_en": "Saint Barthelemy",
				"title_fr": "Saint-Barthélemy",
				"lat": "0.0000000",
				"long": "0.0000000"
			},


			{
				"title_en": "Saint Helena",
				"title_fr": "Sainte-Hélène",
				"lat": "-15.9333000",
				"long": "-5.6999998"
			},


			{
				"title_en": "Saint Kitts and Nevis",
				"title_fr": "Saint-Christophe-et-Niévè",
				"lat": "17.3333000",
				"long": "-62.7500000"
			},


			{
				"title_en": "Saint Lucia",
				"title_fr": "Sainte-Lucie",
				"lat": "13.8833000",
				"long": "-61.1333008"
			},


			{
				"title_en": "Saint Martin",
				"title_fr": "Saint Martin",
				"lat": "0.0000000",
				"long": "0.0000000"
			},


			{
				"title_en": "Saint Pierre and Miquelon",
				"title_fr": "Saint-Pierre-et-Miquelon",
				"lat": "46.8333000",
				"long": "-56.3333015"
			},


			{
				"title_en": "Saint Vincent and the Grenadines",
				"title_fr": "Saint-Vincent-et-les-Grenadines",
				"lat": "13.2500000",
				"long": "-61.2000008"
			},


			{
				"title_en": "Samoa",
				"title_fr": "Samoa",
				"lat": "-13.5833000",
				"long": "-172.3332977"
			},


			{
				"title_en": "San Marino",
				"title_fr": "Saint Marin",
				"lat": "43.7667000",
				"long": "12.4167004"
			},


			{
				"title_en": "Sao Tome and Principe",
				"title_fr": "Sao Tomé-et-Principe",
				"lat": "1.0000000",
				"long": "7.0000000"
			},


			{
				"title_en": "Saudi Arabia",
				"title_fr": "Arabie Saoudite",
				"lat": "25.0000000",
				"long": "45.0000000"
			},


			{
				"title_en": "Senegal",
				"title_fr": "Sénégal",
				"lat": "14.0000000",
				"long": "-14.0000000"
			},


			{
				"title_en": "Serbia",
				"title_fr": "Serbie",
				"lat": "44.0000000",
				"long": "21.0000000"
			},


			{
				"title_en": "Serbia and Montenegro",
				"title_fr": "Serbie et Monténégro",
				"lat": "0.0000000",
				"long": "0.0000000"
			},


			{
				"title_en": "Seychelles",
				"title_fr": "les Seychelles",
				"lat": "-4.5833000",
				"long": "55.6666985"
			},


			{
				"title_en": "Sierra Leone",
				"title_fr": "Sierra Leone",
				"lat": "8.5000000",
				"long": "-11.5000000"
			},


			{
				"title_en": "Singapore",
				"title_fr": "Singapour",
				"lat": "1.3667000",
				"long": "103.8000031"
			},


			{
				"title_en": "Sint Maarten",
				"title_fr": "Sint Maarten",
				"lat": "0.0000000",
				"long": "0.0000000"
			},


			{
				"title_en": "Slovakia",
				"title_fr": "Slovaquie",
				"lat": "48.6667000",
				"long": "19.5000000"
			},


			{
				"title_en": "Slovenia",
				"title_fr": "Slovénie",
				"lat": "46.0000000",
				"long": "15.0000000"
			},


			{
				"title_en": "Solomon Islands",
				"title_fr": "Les îles Salomon",
				"lat": "-8.0000000",
				"long": "159.0000000"
			},


			{
				"title_en": "Somalia",
				"title_fr": "Somalie",
				"lat": "10.0000000",
				"long": "49.0000000"
			},


			{
				"title_en": "South Africa",
				"title_fr": "Afrique du Sud",
				"lat": "-29.0000000",
				"long": "24.0000000"
			},


			{
				"title_en": "South Georgia and the South Sandwich Islands",
				"title_fr": "Géorgie du Sud-et-les Îles Sandwich du Sud",
				"lat": "-54.5000000",
				"long": "-37.0000000"
			},


			{
				"title_en": "South Korea",
				"title_fr": "Corée du Sud",
				"lat": "37.0000000",
				"long": "127.5000000"
			},


			{
				"title_en": "South Sudan",
				"title_fr": "Soudan du sud",
				"lat": "0.0000000",
				"long": "0.0000000"
			},


			{
				"title_en": "Spain",
				"title_fr": "Espagne",
				"lat": "40.0000000",
				"long": "-4.0000000"
			},


			{
				"title_en": "Sri Lanka",
				"title_fr": "Sri Lanka",
				"lat": "7.0000000",
				"long": "81.0000000"
			},


			{
				"title_en": "Sudan",
				"title_fr": "Soudan",
				"lat": "15.0000000",
				"long": "30.0000000"
			},


			{
				"title_en": "Suriname",
				"title_fr": "Suriname",
				"lat": "4.0000000",
				"long": "-56.0000000"
			},


			{
				"title_en": "Svalbard and Jan Mayen",
				"title_fr": "Svalbard et Jan Mayen",
				"lat": "78.0000000",
				"long": "20.0000000"
			},


			{
				"title_en": "Swaziland",
				"title_fr": "Swaziland",
				"lat": "-26.5000000",
				"long": "31.5000000"
			},


			{
				"title_en": "Sweden",
				"title_fr": "Suède",
				"lat": "62.0000000",
				"long": "15.0000000"
			},


			{
				"title_en": "Switzerland",
				"title_fr": "Suisse",
				"lat": "47.0000000",
				"long": "8.0000000"
			},


			{
				"title_en": "Syria",
				"title_fr": "Syrie",
				"lat": "35.0000000",
				"long": "38.0000000"
			},


			{
				"title_en": "Taiwan",
				"title_fr": "Taïwan",
				"lat": "23.5000000",
				"long": "121.0000000"
			},


			{
				"title_en": "Tajikistan",
				"title_fr": "Tadjikistan",
				"lat": "39.0000000",
				"long": "71.0000000"
			},


			{
				"title_en": "Tanzania",
				"title_fr": "Tanzanie",
				"lat": "-6.0000000",
				"long": "35.0000000"
			},


			{
				"title_en": "Thailand",
				"title_fr": "Thaïlande",
				"lat": "15.0000000",
				"long": "100.0000000"
			},


			{
				"title_en": "Togo",
				"title_fr": "Togo",
				"lat": "8.0000000",
				"long": "1.1667000"
			},


			{
				"title_en": "Tokelau",
				"title_fr": "Tokelau",
				"lat": "-9.0000000",
				"long": "-172.0000000"
			},


			{
				"title_en": "Tonga",
				"title_fr": "Tonga",
				"lat": "-20.0000000",
				"long": "-175.0000000"
			},


			{
				"title_en": "Trinidad and Tobago",
				"title_fr": "Trinité-et-Tobago",
				"lat": "11.0000000",
				"long": "-61.0000000"
			},


			{
				"title_en": "Tunisia",
				"title_fr": "Tunisie",
				"lat": "34.0000000",
				"long": "9.0000000"
			},


			{
				"title_en": "Turkey",
				"title_fr": "Turquie",
				"lat": "39.0000000",
				"long": "35.0000000"
			},


			{
				"title_en": "Turkmenistan",
				"title_fr": "Turkménistan",
				"lat": "40.0000000",
				"long": "60.0000000"
			},


			{
				"title_en": "Turks and Caicos Islands",
				"title_fr": "îles Turques-et-Caïques",
				"lat": "21.7500000",
				"long": "-71.5832977"
			},


			{
				"title_en": "Tuvalu",
				"title_fr": "Tuvalu",
				"lat": "-8.0000000",
				"long": "178.0000000"
			},


			{
				"title_en": "U.S. Virgin Islands",
				"title_fr": "Îles Vierges américaines",
				"lat": "18.3333000",
				"long": "-64.8332977"
			},


			{
				"title_en": "Uganda",
				"title_fr": "Ouganda",
				"lat": "1.0000000",
				"long": "32.0000000"
			},


			{
				"title_en": "Ukraine",
				"title_fr": "Ukraine",
				"lat": "49.0000000",
				"long": "32.0000000"
			},


			{
				"title_en": "United Arab Emirates",
				"title_fr": "Emirats Arabes Unis",
				"lat": "24.0000000",
				"long": "54.0000000"
			},


			{
				"title_en": "United Kingdom",
				"title_fr": "Royaume-Uni",
				"lat": "54.0000000",
				"long": "-2.0000000"
			},


			{
				"title_en": "United States",
				"title_fr": "Etats-Unis",
				"lat": "37.7510000",
				"long": "-97.8219986"
			},


			{
				"title_en": "United States Minor Outly",
				"title_fr": "Îles mineures éloignées des États-Unis",
				"lat": "19.2833000",
				"long": "166.6000061"
			},


			{
				"title_en": "Uruguay",
				"title_fr": "Uruguay",
				"lat": "-33.0000000",
				"long": "-56.0000000"
			},


			{
				"title_en": "Uzbekistan",
				"title_fr": "Ouzbékistan",
				"lat": "41.0000000",
				"long": "64.0000000"
			},


			{
				"title_en": "Vanuatu",
				"title_fr": "Vanuatu",
				"lat": "-16.0000000",
				"long": "167.0000000"
			},


			{
				"title_en": "Vatican",
				"title_fr": "Vatican",
				"lat": "41.9000000",
				"long": "12.4499998"
			},


			{
				"title_en": "Venezuela",
				"title_fr": "Venezuela",
				"lat": "8.0000000",
				"long": "-66.0000000"
			},


			{
				"title_en": "Vietnam",
				"title_fr": "Viêt-Nam",
				"lat": "16.0000000",
				"long": "106.0000000"
			},


			{
				"title_en": "Wallis and Futuna",
				"title_fr": "Wallis et Futuna",
				"lat": "-13.3000000",
				"long": "-176.1999969"
			},


			{
				"title_en": "Western Sahara",
				"title_fr": "Sahara occidental",
				"lat": "24.5000000",
				"long": "-13.0000000"
			},


			{
				"title_en": "Yemen",
				"title_fr": "Yémen",
				"lat": "15.0000000",
				"long": "48.0000000"
			},


			{
				"title_en": "Zambia",
				"title_fr": "Zambie",
				"lat": "-15.0000000",
				"long": "30.0000000"
			},


			{
				"title_en": "Zimbabwe",
				"title_fr": "Zimbabwe",
				"lat": "-20.0000000",
				"long": "30.0000000"
			},


			{
				"title_en": "Congo Brazzaville",
				"title_fr": "Congo Brazzaville",
				"lat": "0.0000000",
				"long": "25.0000000"
			}
		]
	},
	"version": "2.0",
	"LiteralDate": "2016-07-08 10:44:32",
	"Date": "1467967472"
}